TIME,SUPPLY_VOLT_SET,SUPPLY_VOLT_MEASURE,CONV_VOLT_MEASURE,LOAD_VOLT_MEASURE,SUPPLY_CURRENT_SET,SUPPLY_CURRENT_MEASURE,CONV_CURRENT_MEASURE,LOAD_CURRENT_MEASURE,SUPPLY_POWER_SET,SUPPLY_POWER_MEASURE,CONV_POWER_MEASURE,LOAD_POWER_MEASURE,TEMP_AMB,TEMP_MEASURE,TEMP_SENSE,PAD
8.93,10.00,10.00,5.08,5.01,0.00,0.00,0.00,0.00,,0.03,0.00,0.00,-99.00,-99.00,68.90,
9.41,10.00,10.00,5.00,5.01,0.00,0.00,0.00,0.00,,0.03,0.01,0.00,-99.00,-99.00,68.90,
9.89,10.00,10.00,5.00,5.01,0.00,0.00,0.00,0.00,,0.03,0.01,0.00,-99.00,-99.00,68.90,
10.39,10.00,10.00,5.02,5.01,0.00,0.00,0.00,0.00,,0.03,0.01,0.00,-99.00,-99.00,68.90,
10.87,10.00,10.00,5.03,5.01,0.00,0.00,0.01,0.00,,0.03,0.03,0.00,-99.00,-99.00,68.90,
11.35,10.00,10.00,5.00,5.01,0.00,0.00,0.00,0.00,,0.03,0.01,0.00,-99.00,-99.00,69.35,
11.84,10.00,10.00,5.01,5.01,0.00,0.00,-0.00,0.00,,0.03,0.01,0.00,-99.00,-99.00,68.90,
12.33,10.00,10.00,5.01,5.01,0.00,0.00,0.00,0.00,,0.03,0.01,0.00,-99.00,-99.00,68.90,
12.90,10.00,10.00,5.01,5.01,0.00,0.00,0.00,0.00,,0.03,0.01,0.00,-99.00,-99.00,68.90,
13.40,10.00,10.00,5.06,5.01,0.00,0.00,0.00,0.00,,0.03,0.00,0.00,-99.00,-99.00,69.35,
13.91,10.00,10.00,5.01,5.01,0.00,0.00,0.00,0.00,,0.03,0.01,0.00,-99.00,-99.00,69.35,
14.40,10.00,10.00,5.01,5.01,0.00,0.00,0.00,0.00,,0.03,0.01,0.00,-99.00,-99.00,68.90,
15.09,10.00,10.00,5.08,5.01,0.00,0.00,0.00,0.00,,0.03,0.00,0.00,-99.00,-99.00,68.90,
15.60,10.00,10.00,5.11,5.01,0.00,0.00,0.00,0.00,,0.03,0.00,0.00,-99.00,-99.00,69.35,
16.08,10.00,10.00,5.12,5.01,0.00,0.00,0.00,0.00,,0.03,0.01,0.00,-99.00,-99.00,69.35,
16.56,10.00,10.00,5.04,5.01,0.00,0.00,0.00,0.00,,0.03,0.00,0.00,-99.00,-99.00,69.35,
17.22,10.00,10.00,5.02,5.01,0.00,0.00,0.00,0.00,,0.03,0.01,0.00,-99.00,-99.00,69.35,
17.74,10.00,10.00,5.16,5.01,0.00,0.00,0.00,0.00,,0.03,0.01,0.00,-99.00,-99.00,69.35,
18.23,10.00,10.00,5.01,5.01,0.00,0.00,0.00,0.00,,0.03,0.01,0.00,-99.00,-99.00,68.90,
18.71,10.00,10.00,5.01,5.01,0.00,0.00,0.00,0.00,,0.03,0.00,0.00,-99.00,-99.00,69.35,
19.20,10.00,10.00,5.00,5.01,0.00,0.00,0.00,0.00,,0.03,0.01,0.00,-99.00,-99.00,68.90,
19.68,10.00,10.00,5.10,5.01,0.00,0.00,-0.00,0.00,,0.03,0.01,0.00,-99.00,-99.00,69.35,
20.16,10.00,10.00,5.01,5.01,0.00,0.00,0.00,0.00,,0.03,0.01,0.00,-99.00,-99.00,69.35,
20.67,10.00,10.00,5.01,5.01,0.00,0.00,0.00,0.00,,0.03,0.01,0.00,-99.00,-99.00,69.35,
21.16,10.00,10.00,5.14,5.01,0.00,0.00,0.00,0.00,,0.03,0.01,0.00,-99.00,-99.00,68.90,
21.65,10.00,10.00,5.01,5.01,0.00,0.00,0.00,0.00,,0.03,0.01,0.00,-99.00,-99.00,69.35,
22.13,10.00,10.00,5.03,5.01,0.00,0.00,0.00,0.00,,0.03,0.03,0.00,-99.00,-99.00,68.90,
22.63,10.00,10.00,5.08,5.01,0.00,0.00,0.00,0.00,,0.03,0.00,0.00,-99.00,-99.00,69.35,
23.14,10.00,10.00,5.05,5.01,0.00,0.00,0.00,0.00,,0.03,0.01,0.00,-99.00,-99.00,68.90,
23.72,10.00,10.00,5.14,5.01,0.00,0.00,0.00,0.00,,0.03,0.03,0.00,-99.00,-99.00,69.35,
24.21,10.00,10.00,5.06,5.01,0.00,0.00,0.00,0.00,,0.03,0.00,0.00,-99.00,-99.00,68.90,
24.72,10.00,10.00,5.02,5.01,0.00,0.00,0.00,0.00,,0.03,0.01,0.00,-99.00,-99.00,68.90,
25.20,10.00,10.00,5.01,5.01,0.00,0.00,0.00,0.00,,0.03,0.01,0.00,-99.00,-99.00,69.35,
25.68,10.00,10.00,5.07,5.01,0.00,0.00,0.00,0.00,,0.03,0.00,0.00,-99.00,-99.00,68.90,
26.18,10.00,10.00,5.01,5.01,0.00,0.00,0.00,0.00,,0.03,0.00,0.00,-99.00,-99.00,69.35,
26.67,10.00,10.00,5.01,5.01,0.00,0.00,0.01,0.00,,0.03,0.04,0.00,-99.00,-99.00,68.90,
27.16,10.00,10.00,5.01,5.01,0.00,0.00,0.00,0.00,,0.03,0.01,0.00,-99.00,-99.00,68.90,
27.66,10.00,10.00,4.99,5.01,0.00,0.00,0.01,0.00,,0.03,0.00,0.00,-99.00,-99.00,69.35,
28.23,10.00,10.00,5.11,5.01,0.00,0.00,0.01,0.00,,0.03,0.00,0.00,-99.00,-99.00,68.90,
28.72,10.00,10.00,5.01,5.01,0.00,0.00,0.00,0.00,,0.03,0.01,0.00,-99.00,-99.00,68.90,
29.20,10.00,10.00,5.04,5.01,0.00,0.00,0.00,0.00,,0.03,0.00,0.00,-99.00,-99.00,69.35,
29.70,10.00,10.00,5.01,5.01,0.00,0.00,0.00,0.00,,0.03,0.01,0.00,-99.00,-99.00,68.90,
30.52,10.00,10.00,5.10,5.01,0.00,0.00,0.00,0.00,,0.03,0.00,0.00,-99.00,-99.00,69.35,
31.05,10.00,10.00,5.02,5.01,0.00,0.00,0.00,0.00,,0.03,0.01,0.00,-99.00,-99.00,69.35,
31.54,10.00,10.00,5.03,5.01,0.00,0.00,0.00,0.00,,0.03,0.01,0.00,-99.00,-99.00,69.35,
32.18,10.00,10.00,5.02,5.01,0.00,0.00,0.00,0.00,,0.03,0.01,0.00,-99.00,-99.00,69.35,
32.66,10.00,10.00,5.01,5.01,0.00,0.00,0.00,0.00,,0.03,0.01,0.00,-99.00,-99.00,68.90,
33.18,10.00,10.00,5.14,5.00,1.00,0.23,1.00,0.25,,5.42,5.12,1.25,-99.00,-99.00,68.90,
33.86,10.00,10.00,5.15,4.97,1.00,0.54,1.00,1.00,,5.42,5.13,4.96,-99.00,-99.00,68.90,
34.35,10.00,10.00,5.14,4.97,1.00,0.54,1.00,1.00,,5.42,5.15,4.96,-99.00,-99.00,69.35,
34.84,10.00,10.00,5.05,4.97,1.00,0.54,0.00,0.00,,5.42,0.00,0.00,-99.00,-99.00,68.90,
35.66,10.00,10.00,5.08,5.03,1.00,0.00,-0.00,0.00,,0.02,0.01,0.00,-99.00,-99.00,68.90,
36.14,10.00,10.00,5.01,5.03,1.00,0.00,0.00,0.00,,0.02,0.00,0.00,-99.00,-99.00,68.90,
36.63,10.00,10.00,5.02,5.03,1.00,0.00,-0.00,0.00,,0.02,0.01,0.00,-99.00,-99.00,68.90,
37.13,10.00,10.00,5.03,5.03,1.00,0.00,0.00,0.00,,0.02,0.00,0.00,-99.00,-99.00,68.90,
37.62,10.00,10.00,5.02,5.03,1.00,0.00,0.00,0.00,,0.02,0.00,0.00,-99.00,-99.00,68.90,
38.14,10.00,10.00,5.00,5.03,1.00,0.00,-0.00,0.00,,0.02,0.01,0.00,-99.00,-99.00,68.90,
38.63,10.00,10.00,5.16,5.03,1.00,0.00,-0.00,0.00,,0.02,0.01,0.00,-99.00,-99.00,69.35,
39.11,10.00,10.00,5.04,5.03,1.00,0.00,-0.00,0.00,,0.02,0.01,0.00,-99.00,-99.00,68.90,
39.62,10.00,10.00,5.04,5.03,1.00,0.00,0.00,0.00,,0.02,0.00,0.00,-99.00,-99.00,69.35,
40.12,10.00,10.00,5.00,5.03,1.00,0.00,0.00,0.00,,0.02,0.01,0.00,-99.00,-99.00,68.90,
40.70,10.00,10.00,5.04,5.03,1.00,0.00,0.00,0.00,,0.02,0.00,0.21,-99.00,-99.00,69.35,
41.31,10.00,10.00,5.03,5.03,1.00,0.00,0.00,0.00,,0.02,0.00,0.00,-99.00,-99.00,68.90,
41.80,10.00,10.00,5.06,5.03,1.00,0.00,0.00,0.00,,0.02,0.00,0.00,-99.00,-99.00,68.90,
42.29,10.00,10.00,5.10,5.03,1.00,0.00,-0.00,0.00,,0.02,0.00,0.00,-99.00,-99.00,69.35,
42.79,10.00,10.00,5.05,5.03,1.00,0.00,-0.00,0.00,,0.02,0.01,0.00,-99.00,-99.00,68.90,
43.41,10.00,10.00,5.01,5.02,1.00,0.00,-0.00,0.00,,0.02,0.01,0.00,-99.00,-99.00,69.35,
44.12,10.00,10.00,5.15,5.02,1.00,0.01,1.00,0.00,,0.11,5.13,0.00,-99.00,-99.00,68.90,
44.75,10.00,10.00,5.14,4.97,1.00,0.54,1.00,0.93,,5.42,5.13,4.62,-99.00,-99.00,68.90,
45.25,10.00,10.00,5.14,4.97,1.00,0.54,1.00,1.00,,5.43,5.15,4.96,-99.00,-99.00,68.90,
45.81,10.00,10.00,5.14,4.97,1.00,0.54,1.00,1.00,,5.43,5.15,4.96,-99.00,-99.00,68.90,
46.29,10.00,10.00,5.14,4.97,1.00,0.54,1.00,1.00,,5.43,5.13,4.96,-99.00,-99.00,69.35,
46.78,10.00,10.00,5.14,4.97,1.00,0.54,1.00,1.00,,5.43,5.15,4.96,-99.00,-99.00,68.90,
47.28,10.00,10.00,5.14,4.97,1.00,0.54,1.00,1.00,,5.43,5.13,4.96,-99.00,-99.00,68.90,
47.77,10.00,10.00,5.14,4.97,1.00,0.54,0.99,1.00,,5.43,5.11,4.96,-99.00,-99.00,68.90,
48.26,10.00,10.00,5.14,4.97,1.00,0.54,1.00,1.00,,5.43,5.15,4.96,-99.00,-99.00,69.35,
48.76,10.00,10.00,5.14,4.97,1.00,0.54,1.00,1.00,,5.43,5.16,4.96,-99.00,-99.00,68.90,
49.25,10.00,10.00,5.14,4.97,1.00,0.54,0.99,1.00,,5.43,5.12,4.96,-99.00,-99.00,68.90,
49.76,10.00,10.00,5.14,4.97,1.00,0.54,1.00,1.00,,5.43,5.15,4.96,-99.00,-99.00,68.90,
50.25,10.00,10.00,5.14,4.97,1.00,0.54,1.00,1.00,,5.43,5.13,4.96,-99.00,-99.00,69.35,
50.74,10.00,10.00,5.14,4.97,1.00,0.54,1.00,1.00,,5.43,5.13,4.96,-99.00,-99.00,68.90,
51.24,10.00,10.00,5.14,4.97,1.00,0.54,1.00,1.00,,5.43,5.15,4.96,-99.00,-99.00,69.35,
51.73,10.00,10.00,5.14,4.97,1.00,0.54,1.00,1.00,,5.43,5.13,4.96,-99.00,-99.00,69.35,
52.25,10.00,10.00,5.14,4.97,1.00,0.54,1.00,1.00,,5.43,5.15,4.96,-99.00,-99.00,69.35,
52.74,10.00,10.00,5.14,4.97,1.00,0.54,1.00,1.00,,5.43,5.13,4.96,-99.00,-99.00,69.35,
53.24,10.00,10.00,5.14,4.97,1.00,0.54,1.00,1.00,,5.43,5.13,4.96,-99.00,-99.00,69.80,
53.73,10.00,10.00,5.14,4.97,1.00,0.54,1.00,1.00,,5.43,5.13,4.96,-99.00,-99.00,69.35,
54.23,10.00,10.00,5.14,4.97,1.00,0.54,1.00,1.00,,5.43,5.17,4.96,-99.00,-99.00,69.35,
54.73,10.00,10.00,5.14,4.97,1.00,0.54,1.00,1.00,,5.43,5.13,4.96,-99.00,-99.00,69.35,
55.22,10.00,10.00,5.14,4.97,1.00,0.54,1.00,1.00,,5.43,5.13,4.96,-99.00,-99.00,69.35,
55.70,10.00,10.00,5.14,4.97,1.00,0.54,1.00,1.00,,5.43,5.15,4.96,-99.00,-99.00,69.80,
56.20,10.00,10.00,5.14,4.97,1.00,0.54,1.00,1.00,,5.43,5.13,4.96,-99.00,-99.00,69.35,
56.67,10.00,10.00,5.14,4.97,1.00,0.54,1.00,1.00,,5.43,5.13,4.96,-99.00,-99.00,69.35,
57.16,10.00,10.00,5.14,4.97,1.00,0.54,1.00,1.00,,5.43,5.15,4.96,-99.00,-99.00,69.35,
57.66,10.00,10.00,5.14,4.97,1.00,0.54,1.00,1.00,,5.43,5.13,4.96,-99.00,-99.00,69.35,
58.15,10.00,10.00,5.15,4.97,1.00,0.54,1.00,1.00,,5.43,5.13,4.96,-99.00,-99.00,69.80,
58.64,10.00,10.00,5.14,4.97,1.00,0.54,0.99,1.00,,5.43,5.12,4.96,-99.00,-99.00,69.35,
59.14,10.00,10.00,5.14,4.97,1.00,0.54,1.00,1.00,,5.43,5.13,4.96,-99.00,-99.00,69.80,
59.64,10.00,10.00,5.14,4.97,1.00,0.54,1.00,1.00,,5.43,5.16,4.96,-99.00,-99.00,69.80,
60.14,10.00,10.00,5.14,4.97,1.00,0.54,1.00,1.00,,5.43,5.13,4.96,-99.00,-99.00,69.80,
60.63,10.00,10.00,5.14,4.97,1.00,0.54,1.00,1.00,,5.43,5.15,4.96,-99.00,-99.00,69.80,
61.15,10.00,10.00,5.14,4.97,1.00,0.54,1.00,1.00,,5.43,5.15,4.96,-99.00,-99.00,69.80,
61.63,10.00,10.00,5.14,4.97,1.00,0.54,1.00,1.00,,5.43,5.15,4.96,-99.00,-99.00,69.80,
62.12,10.00,10.00,5.14,4.97,1.00,0.54,1.00,1.00,,5.43,5.15,4.96,-99.00,-99.00,69.80,
62.64,10.00,10.00,5.14,4.97,1.00,0.54,1.00,1.00,,5.43,5.15,4.96,-99.00,-99.00,69.80,
63.12,10.00,10.00,5.14,4.97,1.00,0.54,1.00,1.00,,5.43,5.16,4.96,-99.00,-99.00,69.80,
63.65,10.00,10.00,5.14,4.97,1.00,0.54,1.00,1.00,,5.43,5.16,4.96,-99.00,-99.00,69.80,
64.14,10.00,10.00,5.14,4.97,1.00,0.54,1.00,1.00,,5.43,5.15,4.96,-99.00,-99.00,70.25,
64.63,10.00,10.00,5.14,4.97,1.00,0.54,1.00,1.00,,5.43,5.15,4.96,-99.00,-99.00,70.25,
65.13,10.00,10.00,5.14,4.97,1.00,0.54,1.00,1.00,,5.43,5.15,4.96,-99.00,-99.00,70.25,
65.62,10.00,10.00,5.14,4.97,1.00,0.54,1.00,1.00,,5.43,5.15,4.96,-99.00,-99.00,70.25,
66.24,10.00,10.00,5.14,4.97,1.00,0.54,1.00,1.00,,5.43,5.13,4.96,-99.00,-99.00,70.25,
66.72,10.00,10.00,5.14,4.97,1.00,0.54,1.00,1.00,,5.43,5.13,4.96,-99.00,-99.00,70.25,
67.20,10.00,10.00,5.14,4.97,1.00,0.54,1.00,1.00,,5.43,5.15,4.96,-99.00,-99.00,70.70,
67.72,10.00,10.00,5.14,4.97,1.00,0.54,1.00,1.00,,5.43,5.16,4.96,-99.00,-99.00,70.25,
68.21,10.00,10.00,5.14,4.97,1.00,0.54,1.00,1.00,,5.43,5.13,4.96,-99.00,-99.00,70.25,
68.69,10.00,10.00,5.14,4.97,1.00,0.54,1.00,1.00,,5.43,5.15,4.96,-99.00,-99.00,70.70,
69.19,10.00,10.00,5.14,4.97,1.00,0.54,1.00,1.00,,5.43,5.15,4.96,-99.00,-99.00,70.70,
69.67,10.00,10.00,5.14,4.97,1.00,0.54,1.00,1.00,,5.43,5.15,4.96,-99.00,-99.00,70.25,
70.16,10.00,10.00,5.14,4.97,1.00,0.54,1.00,1.00,,5.43,5.15,4.96,-99.00,-99.00,70.25,
70.66,10.00,10.00,5.14,4.97,1.00,0.54,1.00,1.00,,5.43,5.15,4.96,-99.00,-99.00,70.70,
71.16,10.00,10.00,5.15,4.97,1.00,0.54,1.00,1.00,,5.43,5.13,4.96,-99.00,-99.00,70.70,
71.66,10.00,10.00,5.15,4.97,1.00,0.54,1.00,1.00,,5.43,5.13,4.96,-99.00,-99.00,70.70,
72.15,10.00,10.00,5.14,4.97,1.00,0.54,1.00,1.00,,5.43,5.16,4.96,-99.00,-99.00,70.70,
72.63,10.00,10.00,5.14,4.97,1.00,0.54,1.00,1.00,,5.43,5.15,4.96,-99.00,-99.00,70.70,
73.11,10.00,10.00,5.14,4.97,1.00,0.54,1.00,1.00,,5.43,5.13,4.96,-99.00,-99.00,71.15,
73.61,10.00,10.00,5.14,4.97,1.00,0.54,1.00,1.00,,5.43,5.15,4.96,-99.00,-99.00,71.15,
74.10,10.00,10.00,5.14,4.97,1.00,0.54,1.00,1.00,,5.43,5.15,4.96,-99.00,-99.00,70.70,
74.61,10.00,10.00,5.14,4.97,1.00,0.54,1.00,1.00,,5.43,5.15,4.96,-99.00,-99.00,71.15,
75.11,10.00,10.00,5.14,4.97,1.00,0.54,1.00,1.00,,5.43,5.13,4.96,-99.00,-99.00,71.15,
75.61,10.00,10.00,5.14,4.97,1.00,0.54,1.00,1.00,,5.43,5.15,4.96,-99.00,-99.00,70.70,
76.12,10.00,10.00,5.14,4.97,1.00,0.54,1.00,1.00,,5.43,5.15,4.96,-99.00,-99.00,70.70,
76.60,10.00,10.00,5.14,4.97,1.00,0.54,1.00,1.00,,5.43,5.15,4.96,-99.00,-99.00,70.70,
77.11,10.00,10.00,5.14,4.97,1.00,0.54,1.00,1.00,,5.43,5.16,4.96,-99.00,-99.00,71.15,
77.61,10.00,10.00,5.14,4.97,1.00,0.54,1.00,1.00,,5.43,5.16,4.96,-99.00,-99.00,71.15,
78.13,10.00,10.00,5.14,4.97,1.00,0.54,1.00,1.00,,5.43,5.13,4.96,-99.00,-99.00,71.15,
78.62,10.00,10.00,5.15,4.97,1.00,0.54,1.00,1.00,,5.43,5.15,4.96,-99.00,-99.00,71.15,
79.14,10.00,10.00,5.14,4.97,1.00,0.54,1.00,1.00,,5.43,5.13,4.96,-99.00,-99.00,71.15,
79.62,10.00,10.00,5.14,4.97,1.00,0.54,1.00,1.00,,5.43,5.13,4.96,-99.00,-99.00,71.15,
80.13,10.00,10.00,5.14,4.97,1.00,0.54,1.00,1.00,,5.43,5.16,4.96,-99.00,-99.00,71.15,
80.62,10.00,10.00,5.14,4.97,1.00,0.54,1.00,1.00,,5.43,5.15,4.96,-99.00,-99.00,71.15,
81.11,10.00,10.00,5.14,4.97,1.00,0.54,1.00,1.00,,5.43,5.15,4.96,-99.00,-99.00,71.60,
81.76,10.00,10.00,5.14,4.97,1.00,0.54,1.00,1.00,,5.43,5.13,4.96,-99.00,-99.00,71.60,
82.30,10.00,10.00,5.14,4.97,1.00,0.54,1.00,1.00,,5.43,5.13,4.96,-99.00,-99.00,71.60,
82.80,10.00,10.00,5.14,4.97,1.00,0.54,1.00,1.00,,5.43,5.15,4.96,-99.00,-99.00,71.60,
83.32,10.00,10.00,5.14,4.97,1.00,0.54,1.00,1.00,,5.43,5.13,4.96,-99.00,-99.00,71.60,
83.83,10.00,10.00,5.14,4.97,1.00,0.54,1.00,1.00,,5.43,5.13,4.96,-99.00,-99.00,71.15,
84.34,10.00,10.00,5.14,4.97,1.00,0.54,1.00,1.00,,5.43,5.12,4.96,-99.00,-99.00,72.05,
84.85,10.00,10.00,5.14,4.97,1.00,0.54,1.00,1.00,,5.43,5.15,4.96,-99.00,-99.00,72.05,
85.35,10.00,10.00,5.15,4.97,1.00,0.54,1.00,1.00,,5.43,5.16,4.96,-99.00,-99.00,72.05,
85.86,10.00,10.00,5.14,4.97,1.00,0.54,1.00,1.00,,5.43,5.15,4.96,-99.00,-99.00,72.05,
86.37,10.00,10.00,5.14,4.97,1.00,0.54,1.00,1.00,,5.43,5.15,4.96,-99.00,-99.00,71.60,
86.88,10.00,10.00,5.14,4.97,1.00,0.54,1.00,1.00,,5.43,5.13,4.96,-99.00,-99.00,72.05,
87.37,10.00,10.00,5.14,4.97,1.00,0.54,1.00,1.00,,5.43,5.16,4.96,-99.00,-99.00,72.05,
87.87,10.00,10.00,5.14,4.97,1.00,0.54,1.00,1.00,,5.43,5.13,4.96,-99.00,-99.00,72.05,
88.39,10.00,10.00,5.14,4.97,1.00,0.54,1.00,1.00,,5.43,5.15,4.96,-99.00,-99.00,72.05,
88.90,10.00,10.00,5.14,4.97,1.00,0.54,1.00,1.00,,5.43,5.15,4.96,-99.00,-99.00,72.05,
89.39,10.00,10.00,5.14,4.97,1.00,0.54,1.00,1.00,,5.43,5.15,4.96,-99.00,-99.00,72.05,
89.91,10.00,10.00,5.14,4.97,1.00,0.54,1.00,1.00,,5.43,5.13,4.96,-99.00,-99.00,72.05,
90.42,10.00,10.00,5.14,4.97,1.00,0.54,1.00,1.00,,5.43,5.11,4.96,-99.00,-99.00,72.05,
90.91,10.00,10.00,5.14,4.97,1.00,0.54,1.00,1.00,,5.43,5.13,4.96,-99.00,-99.00,72.05,
91.42,10.00,10.00,5.14,4.97,1.00,0.54,1.00,1.00,,5.43,5.16,4.96,-99.00,-99.00,72.05,
91.92,10.00,10.00,5.14,4.97,1.00,0.54,1.00,1.00,,5.43,5.15,4.96,-99.00,-99.00,72.50,
92.43,10.00,10.00,5.14,4.97,1.00,0.54,1.00,1.00,,5.43,5.13,4.96,-99.00,-99.00,72.05,
92.94,10.00,10.00,5.14,4.97,1.00,0.54,1.00,1.00,,5.43,5.15,4.96,-99.00,-99.00,72.05,
93.49,10.00,10.00,5.14,4.97,1.00,0.54,1.00,1.00,,5.43,5.13,4.96,-99.00,-99.00,72.50,
94.01,10.00,10.00,5.15,4.97,1.00,0.54,1.00,1.00,,5.43,5.13,4.96,-99.00,-99.00,72.05,
94.53,10.00,10.00,5.14,4.97,1.00,0.54,1.00,1.00,,5.43,5.15,4.96,-99.00,-99.00,72.50,
95.05,10.00,10.00,5.14,4.97,1.00,0.54,1.00,1.00,,5.43,5.17,4.96,-99.00,-99.00,72.50,
95.59,10.00,10.00,5.15,4.97,1.00,0.54,0.99,1.00,,5.43,5.12,4.96,-99.00,-99.00,72.50,
96.12,10.00,10.00,5.15,4.97,1.00,0.54,1.00,1.00,,5.43,5.15,4.96,-99.00,-99.00,72.50,
96.64,10.00,10.00,5.14,4.97,1.00,0.54,1.00,1.00,,5.43,5.15,4.96,-99.00,-99.00,72.50,
97.19,10.00,10.00,5.14,4.97,1.00,0.54,1.00,1.00,,5.43,5.13,4.96,-99.00,-99.00,72.50,
97.75,10.00,10.00,5.14,4.97,1.00,0.54,1.00,1.00,,5.43,5.16,4.96,-99.00,-99.00,72.50,
98.34,10.00,10.00,5.14,4.97,1.00,0.54,1.00,1.00,,5.43,5.16,4.96,-99.00,-99.00,72.50,
98.86,10.00,10.00,5.14,4.97,1.00,0.54,1.00,1.00,,5.43,5.16,4.96,-99.00,-99.00,72.50,
99.58,10.00,10.00,5.14,4.97,1.00,0.54,0.99,1.00,,5.43,5.12,4.96,-99.00,-99.00,72.50,
100.12,10.00,10.00,5.14,4.97,1.00,0.54,1.00,1.00,,5.43,5.15,4.96,-99.00,-99.00,72.50,
100.78,10.00,10.00,5.14,4.97,1.00,0.54,1.00,1.00,,5.43,5.12,4.96,-99.00,-99.00,72.95,
101.34,10.00,10.00,5.14,4.97,1.00,0.54,1.00,1.00,,5.43,5.15,4.96,-99.00,-99.00,72.95,
101.93,10.00,10.00,5.15,4.97,1.00,0.54,1.00,1.00,,5.43,5.13,4.96,-99.00,-99.00,72.95,
102.69,10.00,10.00,5.14,4.97,1.00,0.54,1.00,1.00,,5.43,5.13,4.96,-99.00,-99.00,72.95,
103.25,10.00,10.00,5.14,4.97,1.00,0.54,1.00,1.00,,5.43,5.13,4.96,-99.00,-99.00,72.95,
103.84,10.00,10.00,5.14,4.97,1.00,0.54,1.00,1.00,,5.43,5.13,4.96,-99.00,-99.00,72.95,
104.54,10.00,10.00,5.14,4.97,1.00,0.54,1.00,1.00,,5.43,5.13,4.96,-99.00,-99.00,73.40,
105.50,10.00,10.00,5.14,4.97,1.00,0.54,1.00,1.00,,5.43,5.15,4.96,-99.00,-99.00,72.95,
106.13,10.00,10.00,5.15,4.97,1.00,0.54,1.00,1.00,,5.43,5.16,4.96,-99.00,-99.00,72.95,
106.75,10.00,10.00,5.14,4.97,1.00,0.54,1.00,1.00,,5.43,5.13,4.96,-99.00,-99.00,72.95,
107.32,10.00,10.00,5.14,4.97,1.00,0.54,1.00,1.00,,5.43,5.13,4.96,-99.00,-99.00,72.95,
107.89,10.00,10.00,5.15,4.97,1.00,0.54,1.00,1.00,,5.43,5.13,4.96,-99.00,-99.00,72.95,
108.56,10.00,10.00,5.14,4.97,1.00,0.54,1.00,1.00,,5.43,5.13,4.96,-99.00,-99.00,72.95,
109.12,10.00,10.00,5.14,4.97,1.00,0.54,1.00,1.00,,5.43,5.15,4.96,-99.00,-99.00,73.40,
109.70,10.00,10.00,5.14,4.97,1.00,0.54,1.00,1.00,,5.43,5.13,4.96,-99.00,-99.00,73.40,
110.34,10.00,10.00,5.15,4.97,1.00,0.54,1.00,1.00,,5.43,5.15,4.96,-99.00,-99.00,73.40,
110.97,10.00,10.00,5.14,4.97,1.00,0.54,1.00,1.00,,5.43,5.13,4.96,-99.00,-99.00,73.40,
111.54,10.00,10.00,5.14,4.97,1.00,0.54,1.00,1.00,,5.43,5.13,4.96,-99.00,-99.00,73.40,
112.16,10.00,10.00,5.14,4.97,1.00,0.54,1.00,1.00,,5.43,5.13,4.96,-99.00,-99.00,73.40,
112.73,10.00,10.00,5.14,4.97,1.00,0.54,1.00,1.00,,5.43,5.15,4.96,-99.00,-99.00,73.40,
113.44,10.00,10.00,5.14,4.97,1.00,0.54,1.00,1.00,,5.43,5.15,4.96,-99.00,-99.00,73.85,
114.19,10.00,10.00,5.14,4.97,1.00,0.54,1.00,1.00,,5.43,5.13,4.96,-99.00,-99.00,73.40,
114.98,10.00,10.00,5.14,4.97,1.00,0.54,1.00,1.00,,5.43,5.16,4.96,-99.00,-99.00,73.40,
115.66,10.00,10.00,5.14,4.97,1.00,0.54,1.00,1.00,,5.43,5.13,4.96,-99.00,-99.00,73.85,
116.29,10.00,10.00,5.14,4.97,1.00,0.54,1.00,1.00,,5.43,5.16,4.96,-99.00,-99.00,73.40,
116.92,10.00,10.00,5.14,4.97,1.00,0.54,1.00,1.00,,5.43,5.13,4.96,-99.00,-99.00,73.40,
117.55,10.00,10.00,5.14,4.97,1.00,0.54,1.00,1.00,,5.43,5.13,4.96,-99.00,-99.00,73.40,
118.20,10.00,10.00,5.14,4.97,1.00,0.54,1.00,1.00,,5.43,5.13,4.96,-99.00,-99.00,73.85,
118.85,10.00,10.00,5.14,4.97,1.00,0.54,1.00,1.00,,5.43,5.12,4.96,-99.00,-99.00,73.85,
119.48,10.00,10.00,5.14,4.97,1.00,0.54,1.00,1.00,,5.43,5.15,4.96,-99.00,-99.00,73.85,
120.16,10.00,10.00,5.14,4.97,1.00,0.54,1.00,1.00,,5.43,5.13,4.96,-99.00,-99.00,73.85,
120.88,10.00,10.00,5.14,4.97,1.00,0.54,1.00,1.00,,5.43,5.13,4.96,-99.00,-99.00,73.85,
121.56,10.00,10.00,5.15,4.97,1.00,0.54,1.00,1.00,,5.43,5.12,4.96,-99.00,-99.00,73.85,
122.22,10.00,10.00,5.14,4.97,1.00,0.54,1.00,1.00,,5.43,5.13,4.96,-99.00,-99.00,73.85,
122.93,10.00,10.00,5.14,4.97,1.00,0.54,1.00,1.00,,5.43,5.13,4.96,-99.00,-99.00,73.85,
123.62,10.00,10.00,5.15,4.97,1.00,0.54,0.99,1.00,,5.43,5.15,4.96,-99.00,-99.00,74.30,
124.30,10.00,10.00,5.14,4.97,1.00,0.54,1.00,1.00,,5.43,5.13,4.96,-99.00,-99.00,73.85,
125.06,10.00,10.00,5.14,4.97,1.00,0.54,1.01,1.00,,5.43,5.17,4.96,-99.00,-99.00,73.85,
125.84,10.00,10.00,5.14,4.97,1.00,0.54,1.00,1.00,,5.43,5.13,4.96,-99.00,-99.00,74.30,
126.60,10.00,10.00,5.14,4.97,1.00,0.54,1.00,1.00,,5.43,5.16,4.96,-99.00,-99.00,74.30,
127.32,10.00,10.00,5.14,4.97,1.00,0.54,1.00,1.00,,5.43,5.13,4.96,-99.00,-99.00,74.30,
128.11,10.00,10.00,5.14,4.97,1.00,0.54,1.00,1.00,,5.43,5.12,4.96,-99.00,-99.00,74.30,
128.78,10.00,10.00,5.14,4.97,1.00,0.54,1.00,1.00,,5.43,5.13,4.96,-99.00,-99.00,74.30,
129.53,10.00,10.00,5.15,4.97,1.00,0.54,1.00,1.00,,5.43,5.13,4.96,-99.00,-99.00,74.30,
130.23,10.00,10.00,5.14,4.97,1.00,0.54,1.00,1.00,,5.43,5.15,4.96,-99.00,-99.00,74.75,
131.00,10.00,10.00,5.14,4.97,1.00,0.54,1.00,1.00,,5.43,5.13,4.96,-99.00,-99.00,74.30,
131.71,10.00,10.00,5.15,4.97,1.00,0.54,1.00,1.00,,5.43,5.13,4.96,-99.00,-99.00,74.75,
132.43,10.00,10.00,5.14,4.97,1.00,0.54,0.99,1.00,,5.43,5.11,4.96,-99.00,-99.00,74.75,
133.21,10.00,10.00,5.14,4.97,1.00,0.54,1.00,1.00,,5.43,5.15,4.96,-99.00,-99.00,74.75,
133.92,10.00,10.00,5.14,4.97,1.00,0.54,1.00,1.00,,5.43,5.15,4.96,-99.00,-99.00,74.75,
134.67,10.00,10.00,5.14,4.97,1.00,0.54,1.00,1.00,,5.43,5.13,4.96,-99.00,-99.00,74.75,
135.44,10.00,10.00,5.15,4.97,1.00,0.54,1.00,1.00,,5.43,5.13,4.96,-99.00,-99.00,74.75,
136.15,10.00,10.00,5.14,4.97,1.00,0.54,1.00,1.00,,5.43,5.12,4.96,-99.00,-99.00,74.30,
136.84,10.00,10.00,5.14,4.97,1.00,0.54,1.00,1.00,,5.43,5.13,4.96,-99.00,-99.00,74.75,
137.56,10.00,10.00,5.15,4.97,1.00,0.54,1.00,1.00,,5.43,5.15,4.96,-99.00,-99.00,74.75,
138.35,10.00,10.00,5.14,4.97,1.00,0.54,1.00,1.00,,5.43,5.15,4.96,-99.00,-99.00,74.75,
139.14,10.00,10.00,5.14,4.97,1.00,0.54,1.00,1.00,,5.43,5.13,4.96,-99.00,-99.00,74.75,
139.94,10.00,10.00,5.14,4.97,1.00,0.54,1.00,1.00,,5.43,5.13,4.96,-99.00,-99.00,74.75,
140.81,10.00,10.00,5.14,4.97,1.00,0.54,1.00,1.00,,5.43,5.15,4.96,-99.00,-99.00,75.20,
141.67,10.00,10.00,5.15,4.97,1.00,0.54,1.00,1.00,,5.43,5.15,4.96,-99.00,-99.00,74.75,
142.44,10.00,10.00,5.14,4.97,1.00,0.54,1.00,1.00,,5.43,5.13,4.96,-99.00,-99.00,75.20,
143.26,10.00,10.00,5.14,4.97,1.00,0.54,1.01,1.00,,5.43,5.13,4.96,-99.00,-99.00,74.75,
144.10,10.00,10.00,5.15,4.97,1.00,0.54,1.00,1.00,,5.43,5.15,4.96,-99.00,-99.00,75.20,
144.89,10.00,10.00,5.14,4.97,1.00,0.54,1.00,1.00,,5.43,5.13,4.96,-99.00,-99.00,75.20,
145.68,10.00,10.00,5.15,4.97,1.00,0.54,1.00,1.00,,5.43,5.13,4.96,-99.00,-99.00,75.20,
146.52,10.00,10.00,5.14,4.97,1.00,0.54,1.00,1.00,,5.43,5.12,4.96,-99.00,-99.00,75.20,
147.36,10.00,10.00,5.14,4.97,1.00,0.54,1.00,1.00,,5.43,5.15,4.96,-99.00,-99.00,75.65,
148.23,10.00,10.00,5.14,4.97,1.00,0.54,1.00,1.00,,5.43,5.13,4.96,-99.00,-99.00,75.20,
149.03,10.00,10.00,5.14,4.97,1.00,0.54,1.00,1.00,,5.43,5.15,4.96,-99.00,-99.00,75.20,
149.98,10.00,10.00,5.15,4.97,1.00,0.54,1.00,1.00,,5.43,5.12,4.96,-99.00,-99.00,75.20,
150.87,10.00,10.00,5.14,4.97,1.00,0.54,1.00,1.00,,5.43,5.15,4.97,-99.00,-99.00,75.65,
151.68,10.00,10.00,5.14,4.97,1.00,0.54,1.00,1.00,,5.43,5.13,4.96,-99.00,-99.00,75.20,
152.55,10.00,10.00,5.14,4.97,1.00,0.54,1.00,1.00,,5.43,5.15,4.96,-99.00,-99.00,75.65,
153.42,10.00,10.00,5.14,4.97,1.00,0.54,1.00,1.00,,5.43,5.15,4.96,-99.00,-99.00,75.20,
154.31,10.00,10.00,5.14,4.97,1.00,0.54,1.00,1.00,,5.43,5.13,4.96,-99.00,-99.00,75.65,
155.16,10.00,10.00,5.14,4.97,1.00,0.54,1.00,1.00,,5.43,5.15,4.96,-99.00,-99.00,75.20,
155.99,10.00,10.00,5.15,4.97,1.00,0.54,1.00,1.00,,5.43,5.15,4.96,-99.00,-99.00,75.20,
156.79,10.00,10.00,5.14,4.97,1.00,0.54,1.00,1.00,,5.43,5.15,4.96,-99.00,-99.00,75.65,
157.69,10.00,10.00,5.15,4.97,1.00,0.54,1.00,1.00,,5.43,5.15,4.96,-99.00,-99.00,75.65,
158.48,10.00,10.00,5.14,4.97,1.00,0.54,1.00,1.00,,5.43,5.12,4.97,-99.00,-99.00,75.20,
159.44,10.00,10.00,5.14,4.97,1.00,0.54,1.00,1.00,,5.43,5.15,4.96,-99.00,-99.00,75.65,
160.30,10.00,10.00,5.14,4.97,1.00,0.54,1.00,1.00,,5.43,5.13,4.96,-99.00,-99.00,75.65,
161.12,10.00,10.00,5.14,4.97,1.00,0.54,1.00,1.00,,5.43,5.16,4.96,-99.00,-99.00,75.65,
162.02,10.00,10.00,5.14,4.97,1.00,0.54,1.00,1.00,,5.43,5.13,4.96,-99.00,-99.00,75.65,
162.96,10.00,10.00,5.14,4.97,1.00,0.54,1.00,1.00,,5.43,5.15,4.97,-99.00,-99.00,75.65,
163.94,10.00,10.00,5.14,4.97,1.00,0.54,1.00,1.00,,5.43,5.13,4.97,-99.00,-99.00,75.65,
164.85,10.00,10.00,5.14,4.97,1.00,0.54,1.00,1.00,,5.43,5.15,4.97,-99.00,-99.00,75.65,
165.81,10.00,10.00,5.15,4.97,1.00,0.54,1.00,1.00,,5.43,5.15,4.97,-99.00,-99.00,76.10,
166.72,10.00,10.00,5.15,4.97,1.00,0.54,1.00,1.00,,5.43,5.15,4.96,-99.00,-99.00,76.10,
167.71,10.00,10.00,5.14,4.97,1.00,0.54,1.00,1.00,,5.43,5.13,4.97,-99.00,-99.00,75.65,
168.63,10.00,10.00,5.14,4.97,1.00,0.54,1.00,1.00,,5.43,5.13,4.97,-99.00,-99.00,76.10,
169.53,10.00,10.00,5.15,4.97,1.00,0.54,1.00,1.00,,5.43,5.16,4.97,-99.00,-99.00,76.10,
170.49,10.00,10.00,5.15,4.97,1.00,0.54,1.00,1.00,,5.43,5.15,4.97,-99.00,-99.00,76.10,
171.55,10.00,10.00,5.14,4.97,1.00,0.54,1.00,1.00,,5.43,5.13,4.97,-99.00,-99.00,76.10,
172.47,10.00,10.00,5.14,4.97,1.00,0.54,1.00,1.00,,5.43,5.13,4.97,-99.00,-99.00,76.10,
173.47,10.00,10.00,5.14,4.97,1.00,0.54,1.00,1.00,,5.43,5.13,4.97,-99.00,-99.00,76.10,
174.42,10.00,10.00,5.15,4.97,1.00,0.54,1.00,1.00,,5.43,5.15,4.97,-99.00,-99.00,76.10,
175.45,10.00,10.00,5.15,4.97,1.00,0.54,1.00,1.00,,5.43,5.15,4.96,-99.00,-99.00,76.55,
176.43,10.00,10.00,5.14,4.97,1.00,0.54,1.00,1.00,,5.43,5.13,4.96,-99.00,-99.00,76.10,
177.45,10.00,10.00,5.14,4.97,1.00,0.54,1.00,1.00,,5.43,5.15,4.97,-99.00,-99.00,76.10,
178.51,10.00,10.00,5.15,4.97,1.00,0.54,1.00,1.00,,5.43,5.13,4.97,-99.00,-99.00,76.10,
179.58,10.00,10.00,5.14,4.97,1.00,0.54,1.00,1.00,,5.43,5.13,4.97,-99.00,-99.00,76.55,
180.59,10.00,10.00,5.14,4.97,1.00,0.54,1.00,1.00,,5.43,5.15,4.97,-99.00,-99.00,76.55,
181.53,10.00,10.00,5.14,4.97,1.00,0.54,1.00,1.00,,5.43,5.13,4.97,-99.00,-99.00,76.55,
182.60,10.00,10.00,5.14,4.97,1.00,0.54,1.00,1.00,,5.43,5.12,4.97,-99.00,-99.00,76.55,
183.63,10.00,10.00,5.14,4.97,1.00,0.54,1.00,1.00,,5.43,5.13,4.97,-99.00,-99.00,76.55,
184.66,10.00,10.00,5.14,4.97,1.00,0.54,1.00,1.00,,5.43,5.13,4.97,-99.00,-99.00,76.10,
185.71,10.00,10.00,5.14,4.97,1.00,0.54,1.00,1.00,,5.43,5.13,4.97,-99.00,-99.00,76.55,
186.84,10.00,10.00,5.14,4.97,1.00,0.54,1.00,1.00,,5.43,5.15,4.97,-99.00,-99.00,76.55,
187.93,10.00,10.00,5.14,4.97,1.00,0.54,1.00,1.00,,5.43,5.15,4.97,-99.00,-99.00,76.55,
188.94,10.00,10.00,5.15,4.97,1.00,0.54,1.00,1.00,,5.43,5.15,4.97,-99.00,-99.00,76.55,
189.95,10.00,10.00,5.14,4.97,1.00,0.54,1.00,1.00,,5.43,5.15,4.97,-99.00,-99.00,76.55,
190.97,10.00,10.00,5.14,4.97,1.00,0.54,1.00,1.00,,5.43,5.13,4.97,-99.00,-99.00,76.55,
192.00,10.00,10.00,5.15,4.97,1.00,0.54,1.00,1.00,,5.43,5.13,4.97,-99.00,-99.00,76.55,
193.07,10.00,10.00,5.14,4.97,1.00,0.54,1.00,1.00,,5.43,5.13,4.97,-99.00,-99.00,76.55,
194.19,10.00,10.00,5.15,4.97,1.00,0.54,0.99,1.00,,5.43,5.11,4.97,-99.00,-99.00,76.55,
195.25,10.00,10.00,5.14,4.97,1.00,0.54,0.99,1.00,,5.43,5.11,4.97,-99.00,-99.00,76.55,
196.33,10.00,10.00,5.15,4.97,1.00,0.54,1.00,1.00,,5.43,5.16,4.97,-99.00,-99.00,76.55,
197.43,10.00,10.00,5.14,4.97,1.00,0.54,1.00,1.00,,5.43,5.13,4.97,-99.00,-99.00,76.55,
198.62,10.00,10.00,5.14,4.97,1.00,0.54,1.00,1.00,,5.43,5.16,4.97,-99.00,-99.00,77.00,
199.73,10.00,10.00,5.14,4.97,1.00,0.54,0.99,1.00,,5.43,5.12,4.97,-99.00,-99.00,77.00,
200.90,10.00,10.00,5.14,4.97,1.00,0.54,1.00,1.00,,5.43,5.15,4.97,-99.00,-99.00,77.00,
202.05,10.00,10.00,5.14,4.97,1.00,0.54,1.00,1.00,,5.43,5.15,4.97,-99.00,-99.00,77.00,
203.18,10.00,10.00,5.14,4.97,1.00,0.54,1.00,1.00,,5.43,5.15,4.97,-99.00,-99.00,77.00,
204.32,10.00,10.00,5.14,4.97,1.00,0.54,0.99,1.00,,5.43,5.15,4.97,-99.00,-99.00,77.00,
205.42,10.00,10.00,5.15,4.97,1.00,0.54,1.00,1.00,,5.43,5.13,4.97,-99.00,-99.00,77.00,
206.57,10.00,10.00,5.14,4.97,1.00,0.54,1.00,1.00,,5.43,5.15,4.97,-99.00,-99.00,77.00,
207.78,10.00,10.00,5.15,4.98,1.00,0.54,1.00,1.00,,5.43,5.15,4.97,-99.00,-99.00,77.45,
209.00,10.00,10.00,5.15,4.98,1.00,0.54,1.00,1.00,,5.43,5.15,4.97,-99.00,-99.00,77.45,
210.49,10.00,10.00,5.14,4.98,1.00,0.54,1.00,1.00,,5.43,5.15,4.97,-99.00,-99.00,77.00,
211.75,10.00,10.00,5.14,4.98,1.00,0.54,1.00,1.00,,5.43,5.13,4.97,-99.00,-99.00,77.00,
212.89,10.00,10.00,5.15,4.98,1.00,0.54,0.99,1.00,,5.43,5.13,4.97,-99.00,-99.00,77.00,
214.06,10.00,10.00,5.14,4.98,1.00,0.54,1.00,1.00,,5.43,5.13,4.97,-99.00,-99.00,77.00,
215.26,10.00,10.00,5.15,4.98,1.00,0.54,1.00,1.00,,5.43,5.15,4.97,-99.00,-99.00,77.00,
216.42,10.00,10.00,5.15,4.98,1.00,0.54,1.00,1.00,,5.43,5.13,4.97,-99.00,-99.00,77.00,
217.56,10.00,10.00,5.14,4.98,1.00,0.54,1.00,1.00,,5.43,5.13,4.97,-99.00,-99.00,77.45,
218.76,10.00,10.00,5.14,4.98,1.00,0.54,1.00,1.00,,5.43,5.15,4.97,-99.00,-99.00,77.45,
220.00,10.00,10.00,5.15,4.98,1.00,0.54,1.00,1.00,,5.43,5.16,4.97,-99.00,-99.00,77.45,
221.22,10.00,10.00,5.14,4.98,1.00,0.54,1.00,1.00,,5.43,5.13,4.97,-99.00,-99.00,77.45,
222.46,10.00,10.00,5.14,4.98,1.00,0.54,1.00,1.00,,5.43,5.13,4.97,-99.00,-99.00,77.45,
223.71,10.00,10.00,5.14,4.98,1.00,0.54,1.00,1.00,,5.43,5.13,4.97,-99.00,-99.00,77.45,
224.96,10.00,10.00,5.15,4.98,1.00,0.54,1.00,1.00,,5.43,5.13,4.97,-99.00,-99.00,77.45,
226.17,10.00,10.00,5.14,4.98,1.00,0.54,1.00,1.00,,5.43,5.16,4.97,-99.00,-99.00,77.45,
227.44,10.00,10.00,5.14,4.98,1.00,0.54,0.99,1.00,,5.43,5.13,4.97,-99.00,-99.00,77.45,
228.73,10.00,10.00,5.14,4.98,1.00,0.54,1.00,1.00,,5.43,5.16,4.97,-99.00,-99.00,77.45,
230.26,10.00,10.00,5.14,4.98,1.00,0.54,1.00,1.00,,5.43,5.12,4.97,-99.00,-99.00,77.45,
231.53,10.00,10.00,5.14,4.98,1.00,0.54,1.00,1.00,,5.43,5.15,4.97,-99.00,-99.00,77.90,
232.86,10.00,10.00,5.14,4.98,1.00,0.54,1.00,1.00,,5.43,5.13,4.97,-99.00,-99.00,77.45,
234.12,10.00,10.00,5.14,4.98,1.00,0.54,0.99,1.00,,5.43,5.11,4.97,-99.00,-99.00,77.45,
235.37,10.00,10.00,5.14,4.98,1.00,0.54,1.00,1.00,,5.43,5.16,4.97,-99.00,-99.00,77.90,
236.72,10.00,10.00,5.14,4.98,1.00,0.54,1.00,1.00,,5.43,5.15,4.97,-99.00,-99.00,77.45,
237.99,10.00,10.00,5.14,4.98,1.00,0.54,1.00,1.00,,5.43,5.12,4.97,-99.00,-99.00,77.45,
239.32,10.00,10.00,5.14,4.98,1.00,0.54,1.00,1.00,,5.43,5.15,4.97,-99.00,-99.00,77.45,
240.66,10.00,10.00,5.15,4.98,1.00,0.54,1.00,1.00,,5.43,5.15,4.97,-99.00,-99.00,77.45,
241.98,10.00,10.00,5.15,4.98,1.00,0.54,1.00,1.00,,5.43,5.16,4.97,-99.00,-99.00,77.45,
243.23,10.00,10.00,5.14,4.98,1.00,0.54,1.00,1.00,,5.43,5.13,4.97,-99.00,-99.00,77.90,
244.71,10.00,10.00,5.14,4.98,1.00,0.54,1.00,1.00,,5.43,5.16,4.97,-99.00,-99.00,77.45,
246.01,10.00,10.00,5.14,4.98,1.00,0.54,1.00,1.00,,5.43,5.13,4.97,-99.00,-99.00,77.90,
247.36,10.00,10.00,5.14,4.98,1.00,0.54,1.00,1.00,,5.43,5.11,4.97,-99.00,-99.00,77.90,
248.68,10.00,10.00,5.14,4.98,1.00,0.54,1.00,1.00,,5.43,5.13,4.97,-99.00,-99.00,77.45,
250.06,10.00,10.00,5.14,4.98,1.00,0.54,1.00,1.00,,5.43,5.15,4.97,-99.00,-99.00,77.90,
251.42,10.00,10.00,5.14,4.98,1.00,0.54,1.00,1.00,,5.43,5.13,4.97,-99.00,-99.00,77.45,
252.78,10.00,10.00,5.15,4.98,1.00,0.54,1.00,1.00,,5.43,5.15,4.97,-99.00,-99.00,77.90,
254.23,10.00,10.00,5.15,4.98,1.00,0.54,1.00,1.00,,5.43,5.15,4.97,-99.00,-99.00,77.90,
255.65,10.00,10.00,5.15,4.98,1.00,0.54,1.00,1.00,,5.43,5.15,4.97,-99.00,-99.00,77.90,
257.16,10.00,10.00,5.14,4.98,1.00,0.54,1.00,1.00,,5.43,5.15,4.97,-99.00,-99.00,77.45,
258.64,10.00,10.00,5.14,4.98,1.00,0.54,1.00,1.00,,5.43,5.13,4.97,-99.00,-99.00,77.90,
260.04,10.00,10.00,5.14,4.98,1.00,0.54,1.00,1.00,,5.43,5.15,4.97,-99.00,-99.00,77.90,
261.45,10.00,10.00,5.14,4.98,1.00,0.54,1.00,1.00,,5.43,5.15,4.97,-99.00,-99.00,77.90,
262.79,10.00,10.00,5.15,4.98,1.00,0.54,1.00,1.00,,5.43,5.15,4.97,-99.00,-99.00,78.35,
264.27,10.00,10.00,5.15,4.98,1.00,0.54,1.00,1.00,,5.43,5.15,4.97,-99.00,-99.00,77.90,
265.74,10.00,10.00,5.15,4.98,1.00,0.54,1.00,1.00,,5.43,5.13,4.97,-99.00,-99.00,78.35,
267.26,10.00,10.00,5.15,4.98,1.00,0.54,1.00,1.00,,5.43,5.13,4.97,-99.00,-99.00,77.90,
268.79,10.00,10.00,5.14,4.98,1.00,0.54,1.00,1.00,,5.43,5.15,4.97,-99.00,-99.00,77.90,
270.23,10.00,10.00,5.15,4.98,1.00,0.54,1.00,1.00,,5.43,5.15,4.97,-99.00,-99.00,77.90,
271.68,10.00,10.00,5.14,4.98,1.00,0.54,1.00,1.00,,5.43,5.13,4.97,-99.00,-99.00,78.35,
273.14,10.00,10.00,5.14,4.98,1.00,0.54,1.00,1.00,,5.43,5.15,4.97,-99.00,-99.00,77.90,
274.51,10.00,10.00,5.15,4.98,1.00,0.54,0.99,1.00,,5.43,5.11,4.97,-99.00,-99.00,77.90,
276.00,10.00,10.00,5.15,4.98,1.00,0.54,1.00,1.00,,5.43,5.15,4.97,-99.00,-99.00,77.90,
277.58,10.00,10.00,5.14,4.98,1.00,0.54,1.00,1.00,,5.43,5.16,4.97,-99.00,-99.00,77.90,
279.05,10.00,10.00,5.14,4.98,1.00,0.54,1.00,1.00,,5.43,5.15,4.97,-99.00,-99.00,77.90,
280.48,10.00,10.00,5.15,4.98,1.00,0.54,1.00,1.00,,5.43,5.13,4.97,-99.00,-99.00,77.90,
282.10,10.00,10.00,5.14,4.98,1.00,0.54,1.00,1.00,,5.43,5.15,4.97,-99.00,-99.00,78.35,
283.45,10.00,10.00,5.14,4.98,1.00,0.54,1.00,1.00,,5.43,5.15,4.97,-99.00,-99.00,78.35,
284.90,10.00,10.00,5.14,4.98,1.00,0.54,1.00,1.00,,5.43,5.15,4.97,-99.00,-99.00,78.35,
286.51,10.00,10.00,5.15,4.98,1.00,0.54,1.00,1.00,,5.43,5.16,4.97,-99.00,-99.00,78.35,
287.99,10.00,10.00,5.14,4.98,1.00,0.54,1.00,1.00,,5.43,5.15,4.97,-99.00,-99.00,78.35,
289.53,10.00,10.00,5.15,4.98,1.00,0.54,1.00,1.00,,5.43,5.16,4.97,-99.00,-99.00,78.35,
291.09,10.00,10.00,5.15,4.98,1.00,0.54,1.00,1.00,,5.43,5.17,4.97,-99.00,-99.00,78.80,
292.68,10.00,10.00,5.14,4.98,1.00,0.54,1.00,1.00,,5.43,5.13,4.97,-99.00,-99.00,78.35,
294.31,10.00,10.00,5.14,4.98,1.00,0.54,1.00,1.00,,5.43,5.13,4.97,-99.00,-99.00,78.80,
296.01,10.00,10.00,5.15,4.98,1.00,0.54,1.00,1.00,,5.43,5.15,4.97,-99.00,-99.00,78.35,
297.31,10.00,10.00,5.15,4.98,1.00,0.54,1.00,1.00,,5.43,5.15,4.97,-99.00,-99.00,78.35,
298.93,10.00,10.00,5.14,4.98,1.00,0.54,1.00,1.00,,5.43,5.13,4.97,-99.00,-99.00,78.35,
300.53,10.00,10.00,5.14,4.98,1.00,0.54,1.00,1.00,,5.43,5.15,4.97,-99.00,-99.00,78.35,
302.19,10.00,10.00,5.14,4.98,1.00,0.54,1.00,1.00,,5.43,5.15,4.97,-99.00,-99.00,78.35,
303.78,10.00,10.00,5.14,4.98,1.00,0.54,1.00,1.00,,5.43,5.15,4.97,-99.00,-99.00,78.35,
305.41,10.00,10.00,5.15,4.98,1.00,0.54,1.00,1.00,,5.43,5.16,4.97,-99.00,-99.00,78.35,
306.91,10.00,10.00,5.14,4.98,1.00,0.54,1.00,1.00,,5.43,5.15,4.97,-99.00,-99.00,78.35,
308.67,10.00,10.00,5.15,4.98,1.00,0.54,1.00,1.00,,5.43,5.15,4.97,-99.00,-99.00,78.80,
310.26,10.00,10.00,5.14,4.98,1.00,0.54,1.00,1.00,,5.43,5.15,4.97,-99.00,-99.00,78.35,
311.90,10.00,10.00,5.14,4.98,1.00,0.54,1.00,1.00,,5.43,5.12,4.97,-99.00,-99.00,78.80,
313.55,10.00,10.00,5.15,4.98,1.00,0.54,1.00,1.00,,5.43,5.16,4.97,-99.00,-99.00,78.80,
315.35,10.00,10.00,5.14,4.98,1.00,0.54,1.00,1.00,,5.43,5.13,4.97,-99.00,-99.00,78.80,
317.00,10.00,10.00,5.15,4.98,1.00,0.54,1.00,1.00,,5.43,5.16,4.97,-99.00,-99.00,78.80,
318.68,10.00,10.00,5.14,4.98,1.00,0.54,1.00,1.00,,5.43,5.13,4.97,-99.00,-99.00,78.80,
320.30,10.00,10.00,5.15,4.98,1.00,0.54,1.00,1.00,,5.43,5.15,4.97,-99.00,-99.00,78.80,
322.00,10.00,10.00,5.14,4.98,1.00,0.54,0.99,1.00,,5.43,5.11,4.97,-99.00,-99.00,78.80,
323.72,10.00,10.00,5.15,4.98,1.00,0.54,1.00,1.00,,5.43,5.15,4.97,-99.00,-99.00,78.80,
325.45,10.00,10.00,5.14,4.98,1.00,0.54,1.00,1.00,,5.43,5.13,4.97,-99.00,-99.00,78.80,
327.17,10.00,10.00,5.14,4.98,1.00,0.54,1.00,1.00,,5.43,5.15,4.97,-99.00,-99.00,78.80,
328.77,10.00,10.00,5.14,4.98,1.00,0.54,1.00,1.00,,5.43,5.15,4.97,-99.00,-99.00,78.80,
330.48,10.00,10.00,5.14,4.98,1.00,0.54,1.00,1.00,,5.43,5.13,4.97,-99.00,-99.00,78.80,
332.39,10.00,10.00,5.14,4.98,1.00,0.54,1.00,1.00,,5.43,5.13,4.97,-99.00,-99.00,78.80,
334.14,10.00,10.00,5.15,4.98,1.00,0.54,1.00,1.00,,5.43,5.15,4.97,-99.00,-99.00,79.25,
335.92,10.00,10.00,5.15,4.98,1.00,0.54,1.00,1.00,,5.43,5.13,4.97,-99.00,-99.00,79.25,
337.70,10.00,10.00,5.14,4.98,1.00,0.54,1.00,1.00,,5.43,5.13,4.97,-99.00,-99.00,79.25,
339.44,10.00,10.00,5.15,4.98,1.00,0.54,1.00,1.00,,5.43,5.15,4.97,-99.00,-99.00,79.25,
341.15,10.00,10.00,5.15,4.98,1.00,0.54,1.00,1.00,,5.43,5.16,4.97,-99.00,-99.00,78.80,
342.90,10.00,10.00,5.14,4.98,1.00,0.54,1.00,1.00,,5.43,5.15,4.97,-99.00,-99.00,79.25,
344.72,10.00,10.00,5.14,4.98,1.00,0.54,1.00,1.00,,5.43,5.15,4.97,-99.00,-99.00,79.25,
346.53,10.00,10.00,5.15,4.98,1.00,0.54,1.00,1.00,,5.43,5.13,4.97,-99.00,-99.00,79.25,
348.01,10.00,10.00,5.14,4.98,1.00,0.54,1.00,1.00,,5.43,5.15,4.97,-99.00,-99.00,79.25,
350.61,10.00,10.00,5.15,4.98,1.00,0.54,1.00,1.00,,5.43,5.15,4.97,-99.00,-99.00,79.25,
352.48,10.00,10.00,5.14,4.98,1.00,0.54,1.00,1.00,,5.43,5.15,4.97,-99.00,-99.00,79.25,
354.32,10.00,10.00,5.14,4.98,1.00,0.54,1.00,1.00,,5.43,5.15,4.97,-99.00,-99.00,79.25,
356.17,10.00,10.00,5.14,4.98,1.00,0.54,1.00,1.00,,5.43,5.15,4.97,-99.00,-99.00,79.25,
357.70,10.00,10.00,5.15,4.98,1.00,0.54,1.00,1.00,,5.43,5.15,4.97,-99.00,-99.00,79.25,
359.56,10.00,10.00,5.14,4.98,1.00,0.54,1.00,1.00,,5.43,5.13,4.97,-99.00,-99.00,79.70,
363.07,10.00,10.00,5.15,4.98,1.00,0.54,1.00,1.00,,5.43,5.13,4.97,-99.00,-99.00,79.25,
364.87,10.00,10.00,5.15,4.98,1.00,0.54,1.00,1.00,,5.43,5.12,4.97,-99.00,-99.00,78.80,
366.83,10.00,10.00,5.15,4.98,1.00,0.54,1.00,1.00,,5.43,5.13,4.97,-99.00,-99.00,79.25,
368.69,10.00,10.00,5.15,4.98,1.00,0.54,1.00,1.00,,5.43,5.15,4.97,-99.00,-99.00,79.25,
370.52,10.00,10.00,5.14,4.98,1.00,0.54,1.00,1.00,,5.43,5.15,4.97,-99.00,-99.00,79.70,
372.39,10.00,10.00,5.15,4.98,1.00,0.54,1.00,1.00,,5.43,5.15,4.97,-99.00,-99.00,79.70,
374.21,10.00,10.00,5.15,4.98,1.00,0.54,1.00,1.00,,5.43,5.13,4.97,-99.00,-99.00,79.25,
376.27,10.00,10.00,5.15,4.98,1.00,0.54,1.00,1.00,,5.43,5.13,4.97,-99.00,-99.00,79.25,
378.14,10.00,10.00,5.15,4.98,1.00,0.54,1.00,1.00,,5.43,5.15,4.97,-99.00,-99.00,79.25,
380.10,10.00,10.00,5.14,4.98,1.00,0.54,1.00,1.00,,5.43,5.12,4.97,-99.00,-99.00,79.25,
382.15,10.00,10.00,5.14,4.98,1.00,0.54,1.00,1.00,,5.43,5.15,4.97,-99.00,-99.00,79.70,
384.11,10.00,10.00,5.14,4.98,1.00,0.54,1.00,1.00,,5.43,5.15,4.97,-99.00,-99.00,79.25,
386.10,10.00,10.00,5.15,4.98,1.00,0.54,1.00,1.00,,5.43,5.15,4.97,-99.00,-99.00,79.70,
388.04,10.00,10.00,5.15,4.98,1.00,0.54,1.00,1.00,,5.43,5.16,4.97,-99.00,-99.00,79.25,
390.09,10.00,10.00,5.15,4.98,1.00,0.54,1.00,1.00,,5.43,5.12,4.97,-99.00,-99.00,79.25,
392.05,10.00,10.00,5.14,4.98,1.00,0.54,1.00,1.00,,5.43,5.16,4.97,-99.00,-99.00,79.25,
394.04,10.00,10.00,5.15,4.98,1.00,0.54,1.00,1.00,,5.43,5.13,4.97,-99.00,-99.00,79.70,
396.03,10.00,10.00,5.15,4.98,1.00,0.54,1.00,1.00,,5.43,5.13,4.97,-99.00,-99.00,79.70,
398.01,10.00,10.00,5.14,4.98,1.00,0.54,1.00,1.00,,5.43,5.13,4.97,-99.00,-99.00,79.25,
400.02,10.00,10.00,5.15,4.98,1.00,0.54,1.00,1.00,,5.43,5.17,4.97,-99.00,-99.00,79.25,
402.23,10.00,10.00,5.14,4.98,1.00,0.54,1.00,1.00,,5.43,5.12,4.97,-99.00,-99.00,79.25,
403.91,10.00,10.00,5.14,4.98,1.00,0.54,1.00,1.00,,5.43,5.13,4.97,-99.00,-99.00,79.25,
406.00,10.00,10.00,5.14,4.98,1.00,0.54,1.00,1.00,,5.43,5.16,4.97,-99.00,-99.00,79.25,
408.02,10.00,10.00,5.15,4.98,1.00,0.54,1.00,1.00,,5.43,5.13,4.97,-99.00,-99.00,79.25,
410.07,10.00,10.00,5.14,4.98,1.00,0.54,1.00,1.00,,5.43,5.15,4.97,-99.00,-99.00,79.25,
412.13,10.00,10.00,5.15,4.98,1.00,0.54,1.00,1.00,,5.43,5.15,4.97,-99.00,-99.00,79.70,
414.33,10.00,10.00,5.14,4.98,1.00,0.54,1.00,1.00,,5.43,5.13,4.97,-99.00,-99.00,79.70,
416.40,10.00,10.00,5.14,4.98,1.00,0.54,1.00,1.00,,5.43,5.15,4.97,-99.00,-99.00,79.70,
418.53,10.00,10.00,5.15,4.98,1.00,0.54,1.00,1.00,,5.43,5.15,4.97,-99.00,-99.00,79.25,
420.57,10.00,10.00,5.15,4.98,1.00,0.54,1.00,1.00,,5.43,5.12,4.97,-99.00,-99.00,79.70,
422.16,10.00,10.00,5.14,4.98,1.00,0.54,1.00,1.00,,5.43,5.15,4.97,-99.00,-99.00,79.25,
424.33,10.00,10.00,5.14,4.98,1.00,0.54,1.00,1.00,,5.43,5.15,4.97,-99.00,-99.00,79.70,
426.49,10.00,10.00,5.15,4.98,1.00,0.54,1.00,1.00,,5.43,5.13,4.97,-99.00,-99.00,79.70,
428.60,10.00,10.00,5.14,4.98,1.00,0.54,1.00,1.00,,5.43,5.15,4.97,-99.00,-99.00,79.70,
430.72,10.00,10.00,5.14,4.98,1.00,0.54,1.00,1.00,,5.43,5.15,4.97,-99.00,-99.00,79.70,
432.76,10.00,10.00,5.15,4.98,1.00,0.54,1.00,1.00,,5.43,5.15,4.97,-99.00,-99.00,79.70,
434.98,10.00,10.00,5.14,4.98,1.00,0.54,1.00,1.00,,5.43,5.13,4.97,-99.00,-99.00,79.70,
437.18,10.00,10.00,5.15,4.98,1.00,0.54,1.00,1.00,,5.43,5.13,4.97,-99.00,-99.00,79.70,
439.29,10.00,10.00,5.14,4.98,1.00,0.54,1.00,1.00,,5.43,5.15,4.97,-99.00,-99.00,79.25,
441.38,10.00,10.00,5.14,4.98,1.00,0.54,1.00,1.00,,5.43,5.15,4.97,-99.00,-99.00,79.70,
443.60,10.00,10.00,5.15,4.98,1.00,0.54,1.00,1.00,,5.43,5.13,4.97,-99.00,-99.00,79.70,
445.88,10.00,10.00,5.14,4.98,1.00,0.54,1.00,1.00,,5.43,5.15,4.97,-99.00,-99.00,79.70,
448.09,10.00,10.00,5.14,4.98,1.00,0.54,1.00,1.00,,5.43,5.15,4.97,-99.00,-99.00,79.70,
450.18,10.00,10.00,5.15,4.98,1.00,0.54,1.00,1.00,,5.43,5.13,4.97,-99.00,-99.00,79.70,
452.41,10.00,10.00,5.14,4.98,1.00,0.54,1.00,1.00,,5.43,5.15,4.97,-99.00,-99.00,79.70,
454.63,10.00,10.00,5.14,4.98,1.00,0.54,1.00,1.00,,5.43,5.13,4.97,-99.00,-99.00,79.25,
456.78,10.00,10.00,5.15,4.98,1.00,0.54,1.00,1.00,,5.43,5.13,4.97,-99.00,-99.00,79.70,
459.06,10.00,10.00,5.14,4.98,1.00,0.54,1.00,1.00,,5.43,5.13,4.97,-99.00,-99.00,79.70,
461.36,10.00,10.00,5.14,4.98,1.00,0.54,1.00,1.00,,5.43,5.15,4.97,-99.00,-99.00,79.70,
463.69,10.00,10.00,5.14,4.98,1.00,0.54,1.00,1.00,,5.43,5.12,4.97,-99.00,-99.00,79.70,
466.02,10.00,10.00,5.14,4.98,1.00,0.54,1.00,1.00,,5.43,5.13,4.97,-99.00,-99.00,79.70,
468.32,10.00,10.00,5.15,4.98,1.00,0.54,1.00,1.00,,5.43,5.16,4.97,-99.00,-99.00,79.25,
470.55,10.00,10.00,5.15,4.98,1.00,0.54,1.00,1.00,,5.43,5.13,4.97,-99.00,-99.00,79.70,
472.95,10.00,10.00,5.14,4.98,1.00,0.54,1.00,1.00,,5.43,5.13,4.97,-99.00,-99.00,79.70,
475.12,10.00,10.00,5.15,4.98,1.00,0.54,1.00,1.00,,5.43,5.15,4.97,-99.00,-99.00,79.70,
477.49,10.00,10.00,5.14,4.98,1.00,0.54,1.00,1.00,,5.43,5.15,4.97,-99.00,-99.00,79.70,
479.84,10.00,10.00,5.15,4.98,1.00,0.54,1.00,1.00,,5.43,5.13,4.97,-99.00,-99.00,79.70,
482.20,10.00,10.00,5.14,4.98,1.00,0.54,1.00,1.00,,5.43,5.15,4.97,-99.00,-99.00,79.70,
484.56,10.00,10.00,5.14,4.98,1.00,0.54,1.00,1.00,,5.43,5.15,4.97,-99.00,-99.00,79.70,
486.79,10.00,10.00,5.14,4.98,1.00,0.54,1.00,1.00,,5.43,5.13,4.97,-99.00,-99.00,80.15,
489.03,10.00,10.00,5.14,4.98,1.00,0.54,1.01,1.00,,5.43,5.17,4.97,-99.00,-99.00,79.70,
491.47,10.00,10.00,5.15,4.98,1.00,0.54,1.00,1.00,,5.43,5.15,4.97,-99.00,-99.00,79.70,
493.92,10.00,10.00,5.14,4.98,1.00,0.54,1.00,1.00,,5.43,5.13,4.97,-99.00,-99.00,79.70,
496.28,10.00,10.00,5.15,4.98,1.00,0.54,1.00,1.00,,5.43,5.15,4.97,-99.00,-99.00,79.70,
498.69,10.00,10.00,5.14,4.98,1.00,0.54,1.00,1.00,,5.43,5.13,4.97,-99.00,-99.00,80.15,
501.12,10.00,10.00,5.14,4.98,1.00,0.54,1.00,1.00,,5.43,5.15,4.97,-99.00,-99.00,80.15,
503.07,10.00,10.00,5.14,4.98,1.00,0.54,1.00,1.00,,5.43,5.16,4.97,-99.00,-99.00,79.70,
505.51,10.00,10.00,5.14,4.98,1.00,0.54,1.00,1.00,,5.43,5.13,4.97,-99.00,-99.00,79.70,
507.30,10.00,10.00,5.15,4.98,1.00,0.54,1.00,1.00,,5.43,5.16,4.97,-99.00,-99.00,79.70,
509.58,10.00,10.00,5.14,4.98,1.00,0.54,1.00,1.00,,5.43,5.15,4.97,-99.00,-99.00,79.70,
512.08,10.00,10.00,5.14,4.98,1.00,0.54,1.00,1.00,,5.43,5.16,4.97,-99.00,-99.00,80.15,
514.63,10.00,10.00,5.14,4.98,1.00,0.54,1.00,1.00,,5.43,5.15,4.97,-99.00,-99.00,79.70,
516.95,10.00,10.00,5.15,4.98,1.00,0.54,1.00,1.00,,5.43,5.15,4.97,-99.00,-99.00,79.70,
519.47,10.00,10.00,5.14,4.98,1.00,0.54,1.00,1.00,,5.43,5.13,4.97,-99.00,-99.00,79.70,
521.96,10.00,10.00,5.14,4.98,1.00,0.54,1.00,1.00,,5.43,5.15,4.97,-99.00,-99.00,79.70,
524.56,10.00,10.00,5.14,4.98,1.00,0.54,1.00,1.00,,5.43,5.16,4.97,-99.00,-99.00,80.15,
526.86,10.00,10.00,5.14,4.98,1.00,0.54,1.00,1.00,,5.43,5.16,4.97,-99.00,-99.00,80.15,
529.35,10.00,10.00,5.15,4.98,1.00,0.54,1.00,1.00,,5.43,5.15,4.97,-99.00,-99.00,79.70,
531.91,10.00,10.00,5.14,4.98,1.00,0.54,1.00,1.00,,5.43,5.12,4.97,-99.00,-99.00,80.15,
533.74,10.00,10.00,5.14,4.98,1.00,0.54,1.00,1.00,,5.43,5.15,4.97,-99.00,-99.00,79.70,
536.22,10.00,10.00,5.14,4.98,1.00,0.54,1.00,1.00,,5.43,5.15,4.97,-99.00,-99.00,80.15,
538.81,10.00,10.00,5.15,4.98,1.00,0.54,1.00,1.00,,5.43,5.13,4.97,-99.00,-99.00,80.15,
540.98,10.00,10.00,5.15,4.98,1.00,0.54,1.00,1.00,,5.43,5.13,4.97,-99.00,-99.00,80.15,
543.84,10.00,10.00,5.15,4.98,1.00,0.54,1.00,1.00,,5.43,5.15,4.97,-99.00,-99.00,79.70,
546.56,10.00,10.00,5.15,4.98,1.00,0.54,1.00,1.00,,5.43,5.13,4.97,-99.00,-99.00,79.70,
548.91,10.00,10.00,5.14,4.98,1.00,0.54,0.99,1.00,,5.43,5.16,4.97,-99.00,-99.00,79.70,
551.31,10.00,10.00,5.14,4.98,1.00,0.54,1.00,1.00,,5.43,5.15,4.97,-99.00,-99.00,79.70,
553.90,10.00,10.00,5.14,4.98,1.00,0.54,1.00,1.00,,5.43,5.16,4.97,-99.00,-99.00,79.70,
556.64,10.00,10.00,5.14,4.98,1.00,0.54,1.00,1.00,,5.43,5.13,4.97,-99.00,-99.00,79.70,
559.03,10.00,10.00,5.14,4.98,1.00,0.54,1.00,1.00,,5.43,5.15,4.97,-99.00,-99.00,79.70,
561.62,10.00,10.00,5.14,4.98,1.00,0.54,1.00,1.00,,5.43,5.13,4.97,-99.00,-99.00,79.70,
564.19,10.00,10.00,5.15,4.98,1.00,0.54,1.00,1.00,,5.43,5.13,4.97,-99.00,-99.00,79.70,
566.77,10.00,10.00,5.14,4.98,1.00,0.54,1.00,1.00,,5.43,5.13,4.97,-99.00,-99.00,79.70,
569.62,10.00,10.00,5.14,4.98,1.00,0.54,1.00,1.00,,5.43,5.13,4.97,-99.00,-99.00,80.15,
572.58,10.00,10.00,5.14,4.98,1.00,0.54,1.00,1.00,,5.43,5.13,4.97,-99.00,-99.00,79.70,
575.12,10.00,10.00,5.14,4.98,1.00,0.54,1.00,1.00,,5.43,5.15,4.97,-99.00,-99.00,79.70,
577.80,10.00,10.00,5.14,4.98,1.00,0.54,1.00,1.00,,5.43,5.16,4.97,-99.00,-99.00,79.70,
580.57,10.00,10.00,5.15,4.98,1.00,0.54,1.00,1.00,,5.43,5.12,4.97,-99.00,-99.00,79.70,
583.14,10.00,10.00,5.15,4.98,1.00,0.54,1.00,1.00,,5.43,5.13,4.97,-99.00,-99.00,79.70,
585.89,10.00,10.00,5.14,4.98,1.00,0.54,1.00,1.00,,5.43,5.15,4.97,-99.00,-99.00,80.15,
588.51,10.00,10.00,5.14,4.98,1.00,0.54,1.00,1.00,,5.43,5.13,4.97,-99.00,-99.00,80.15,
591.00,10.00,10.00,5.14,4.98,1.00,0.54,0.99,1.00,,5.43,5.11,4.97,-99.00,-99.00,80.15,
594.04,10.00,10.00,5.15,4.98,1.00,0.54,1.01,1.00,,5.43,5.16,4.97,-99.00,-99.00,80.15,
596.66,10.00,10.00,5.14,4.98,1.00,0.54,1.00,1.00,,5.43,5.15,4.97,-99.00,-99.00,79.70,
599.29,10.00,10.00,5.14,4.98,1.00,0.54,1.00,1.00,,5.43,5.13,4.97,-99.00,-99.00,79.70,
602.12,10.00,10.00,5.15,4.98,1.00,0.54,1.00,1.00,,5.43,5.13,4.97,-99.00,-99.00,79.70,
604.68,10.00,10.00,5.14,4.98,1.00,0.54,1.00,1.00,,5.43,5.15,4.97,-99.00,-99.00,79.70,
606.87,10.00,10.00,5.15,4.98,1.00,0.54,1.00,1.00,,5.43,5.15,4.97,-99.00,-99.00,79.70,
609.43,10.00,10.00,5.15,4.98,1.00,0.54,1.00,1.00,,5.43,5.15,4.97,-99.00,-99.00,79.70,
611.80,10.00,10.00,5.14,4.98,1.00,0.54,1.00,1.00,,5.43,5.13,4.97,-99.00,-99.00,79.70,
614.45,10.00,10.00,5.15,4.98,1.00,0.54,1.00,1.00,,5.43,5.15,4.97,-99.00,-99.00,80.15,
617.33,10.00,10.00,5.14,4.98,1.00,0.54,1.00,1.00,,5.43,5.13,4.97,-99.00,-99.00,80.15,
619.89,10.00,10.00,5.15,4.98,1.00,0.54,1.00,1.00,,5.43,5.16,4.97,-99.00,-99.00,80.15,
622.40,10.00,10.00,5.14,4.98,1.00,0.54,1.00,1.00,,5.43,5.16,4.97,-99.00,-99.00,80.15,
625.22,10.00,10.00,5.15,4.98,1.00,0.54,1.00,1.00,,5.43,5.17,4.97,-99.00,-99.00,79.70,
627.73,10.00,10.00,5.15,4.98,1.00,0.54,1.00,1.00,,5.43,5.13,4.97,-99.00,-99.00,79.70,
630.48,10.00,10.00,5.14,4.98,1.00,0.54,1.00,1.00,,5.43,5.15,4.97,-99.00,-99.00,79.70,
633.23,10.00,10.00,5.14,4.98,1.00,0.54,1.00,1.00,,5.43,5.13,4.97,-99.00,-99.00,79.70,
635.80,10.00,10.00,5.14,4.98,1.00,0.54,1.00,1.00,,5.43,5.15,4.97,-99.00,-99.00,79.70,
638.50,10.00,10.00,5.14,4.98,1.00,0.54,1.00,1.00,,5.43,5.15,4.97,-99.00,-99.00,79.70,
641.31,10.00,10.00,5.15,4.98,1.00,0.54,1.00,1.00,,5.43,5.16,4.97,-99.00,-99.00,80.15,
644.19,10.00,10.00,5.14,4.98,1.00,0.54,1.00,1.00,,5.43,5.13,4.97,-99.00,-99.00,79.70,
646.87,10.00,10.00,5.14,4.98,1.00,0.54,1.00,1.00,,5.43,5.13,4.97,-99.00,-99.00,80.15,
649.44,10.00,10.00,5.14,4.98,1.00,0.54,1.00,1.00,,5.43,5.15,4.97,-99.00,-99.00,80.15,
652.11,10.00,10.00,5.14,4.98,1.00,0.54,1.00,1.00,,5.43,5.15,4.97,-99.00,-99.00,79.70,
655.04,10.00,10.00,5.14,4.98,1.00,0.54,1.00,1.00,,5.43,5.15,4.97,-99.00,-99.00,80.15,
657.56,10.00,10.00,5.14,4.98,1.00,0.54,1.00,1.00,,5.43,5.15,4.97,-99.00,-99.00,80.15,
660.20,10.00,10.00,5.15,4.98,1.00,0.54,1.00,1.00,,5.43,5.17,4.97,-99.00,-99.00,80.15,
663.04,10.00,10.00,5.14,4.98,1.00,0.54,1.00,1.00,,5.43,5.15,4.97,-99.00,-99.00,79.70,
666.05,10.00,10.00,5.15,4.98,1.00,0.54,1.00,1.00,,5.43,5.15,4.97,-99.00,-99.00,80.15,
668.86,10.00,10.00,5.15,4.98,1.00,0.54,1.00,1.00,,5.43,5.15,4.97,-99.00,-99.00,80.15,
671.40,10.00,10.00,5.15,4.98,1.00,0.54,1.00,1.00,,5.43,5.15,4.97,-99.00,-99.00,80.15,
674.29,10.00,10.00,5.15,4.98,1.00,0.54,1.00,1.00,,5.43,5.15,4.97,-99.00,-99.00,80.15,
677.18,10.00,10.00,5.14,4.98,1.00,0.54,1.00,1.00,,5.43,5.12,4.97,-99.00,-99.00,80.15,
679.72,10.00,10.00,5.14,4.98,1.00,0.54,1.00,1.00,,5.43,5.16,4.97,-99.00,-99.00,80.15,
682.63,10.00,10.00,5.14,4.98,1.00,0.54,1.00,1.00,,5.43,5.15,4.97,-99.00,-99.00,80.15,
685.48,10.00,10.00,5.15,4.98,1.00,0.54,1.00,1.00,,5.43,5.13,4.97,-99.00,-99.00,80.15,
687.48,10.00,10.00,5.14,4.98,1.00,0.54,1.00,1.00,,5.43,5.12,4.97,-99.00,-99.00,80.15,
690.42,10.00,10.00,5.14,4.98,1.00,0.54,1.00,1.00,,5.43,5.12,4.97,-99.00,-99.00,80.15,
693.34,10.00,10.00,5.15,4.98,1.00,0.54,1.00,1.00,,5.43,5.16,4.97,-99.00,-99.00,80.60,
696.26,10.00,10.00,5.14,4.98,1.00,0.54,1.00,1.00,,5.43,5.13,4.97,-99.00,-99.00,80.15,
699.08,10.00,10.00,5.14,4.98,1.00,0.54,1.00,1.00,,5.43,5.13,4.97,-99.00,-99.00,80.15,
702.03,10.00,10.00,5.14,4.98,1.00,0.54,1.00,1.00,,5.43,5.13,4.97,-99.00,-99.00,80.15,
705.17,10.00,10.00,5.14,4.98,1.00,0.54,1.00,1.00,,5.43,5.15,4.97,-99.00,-99.00,80.15,
707.75,10.00,10.00,5.15,4.98,1.00,0.54,1.00,1.00,,5.43,5.13,4.97,-99.00,-99.00,80.15,
710.34,10.00,10.00,5.14,4.98,1.00,0.54,1.00,1.00,,5.43,5.15,4.97,-99.00,-99.00,80.15,
713.07,10.00,10.00,5.14,4.98,1.00,0.54,1.00,1.00,,5.43,5.12,4.97,-99.00,-99.00,80.15,
716.02,10.00,10.00,5.14,4.98,1.00,0.54,1.00,1.00,,5.43,5.13,4.97,-99.00,-99.00,80.15,
718.96,10.00,10.00,5.15,4.98,1.00,0.54,1.00,1.00,,5.43,5.18,4.97,-99.00,-99.00,80.15,
721.69,10.00,10.00,5.15,4.98,1.00,0.54,1.00,1.00,,5.43,5.12,4.97,-99.00,-99.00,80.15,
724.69,10.00,10.00,5.14,4.98,1.00,0.54,1.00,1.00,,5.43,5.15,4.97,-99.00,-99.00,80.15,
727.31,10.00,10.00,5.14,4.98,1.00,0.54,1.00,1.00,,5.43,5.15,4.97,-99.00,-99.00,79.70,
730.08,10.00,10.00,5.15,4.98,1.00,0.54,1.00,1.00,,5.43,5.15,4.97,-99.00,-99.00,79.70,
732.94,10.00,10.00,5.14,4.98,1.00,0.54,1.00,1.00,,5.43,5.16,4.97,-99.00,-99.00,80.15,
735.98,10.00,10.00,5.14,4.98,1.00,0.54,0.99,1.00,,5.43,5.11,4.97,-99.00,-99.00,80.15,
738.59,10.00,10.00,5.14,4.98,1.00,0.54,1.00,1.00,,5.43,5.13,4.97,-99.00,-99.00,80.15,
741.72,10.00,10.00,5.14,4.98,1.00,0.54,1.00,1.00,,5.43,5.15,4.97,-99.00,-99.00,80.15,
744.19,10.00,10.00,5.14,4.98,1.00,0.54,1.00,1.00,,5.43,5.16,4.97,-99.00,-99.00,80.15,
747.16,10.00,10.00,5.15,4.98,1.00,0.54,1.00,1.00,,5.43,5.16,4.97,-99.00,-99.00,80.15,
750.17,10.00,10.00,5.14,4.98,1.00,0.54,1.00,1.00,,5.43,5.13,4.97,-99.00,-99.00,80.15,
753.04,10.00,10.00,5.14,4.98,1.00,0.54,1.00,1.00,,5.43,5.16,4.97,-99.00,-99.00,80.15,
756.26,10.00,10.00,5.15,4.98,1.00,0.54,1.00,1.00,,5.43,5.13,4.97,-99.00,-99.00,80.15,
759.34,10.00,10.00,5.14,4.98,1.00,0.54,0.99,1.00,,5.43,5.12,4.97,-99.00,-99.00,80.15,
761.88,10.00,10.00,5.14,4.98,1.00,0.54,1.00,1.00,,5.43,5.13,4.97,-99.00,-99.00,80.15,
764.88,10.00,10.00,5.14,4.98,1.00,0.54,1.00,1.00,,5.43,5.15,4.97,-99.00,-99.00,80.60,
767.54,10.00,10.00,5.15,4.98,1.00,0.54,1.00,1.00,,5.43,5.16,4.97,-99.00,-99.00,80.15,
770.17,10.00,10.00,5.14,4.98,1.00,0.54,1.00,1.00,,5.43,5.15,4.97,-99.00,-99.00,80.15,
772.93,10.00,10.00,5.14,4.98,1.00,0.54,1.00,1.00,,5.43,5.15,4.97,-99.00,-99.00,80.15,
775.98,10.00,10.00,5.15,4.98,1.00,0.54,1.00,1.00,,5.43,5.12,4.97,-99.00,-99.00,80.15,
779.11,10.00,10.00,5.15,4.98,1.00,0.54,1.00,1.00,,5.43,5.16,4.97,-99.00,-99.00,80.15,
782.07,10.00,10.00,5.15,4.98,1.00,0.54,1.00,1.00,,5.43,5.16,4.97,-99.00,-99.00,80.15,
785.18,10.00,10.00,5.14,4.98,1.00,0.54,0.99,1.00,,5.43,5.12,4.97,-99.00,-99.00,80.15,
788.30,10.00,10.00,5.14,4.98,1.00,0.54,1.00,1.00,,5.43,5.13,4.97,-99.00,-99.00,80.15,
791.50,10.00,10.00,5.15,4.98,1.00,0.54,0.99,1.00,,5.43,5.12,4.97,-99.00,-99.00,80.15,
794.72,10.00,10.00,5.14,4.98,1.00,0.54,1.00,1.00,,5.43,5.15,4.97,-99.00,-99.00,80.15,
797.90,10.00,10.00,5.14,4.98,1.00,0.54,1.00,1.00,,5.43,5.13,4.97,-99.00,-99.00,80.15,
800.90,10.00,10.00,5.14,4.98,1.00,0.54,1.00,1.00,,5.43,5.15,4.97,-99.00,-99.00,80.15,
804.22,10.00,10.00,5.15,4.98,1.00,0.54,1.00,1.00,,5.43,5.15,4.97,-99.00,-99.00,80.15,
807.45,10.00,10.00,5.15,4.98,1.00,0.54,1.00,1.00,,5.43,5.15,4.97,-99.00,-99.00,80.15,
810.47,10.00,10.00,5.14,4.98,1.00,0.54,1.00,1.00,,5.43,5.15,4.97,-99.00,-99.00,80.15,
813.73,10.00,10.00,5.15,4.98,1.00,0.54,1.00,1.00,,5.43,5.15,4.97,-99.00,-99.00,79.70,
816.80,10.00,10.00,5.15,4.98,1.00,0.54,1.00,1.00,,5.43,5.15,4.97,-99.00,-99.00,80.15,
819.85,10.00,10.00,5.14,4.98,1.00,0.54,1.00,1.00,,5.43,5.15,4.97,-99.00,-99.00,80.15,
822.86,10.00,10.00,5.15,4.98,1.00,0.54,1.00,1.00,,5.43,5.16,4.97,-99.00,-99.00,80.15,
825.96,10.00,10.00,5.14,4.98,1.00,0.54,1.00,1.00,,5.43,5.15,4.97,-99.00,-99.00,80.15,
829.44,10.00,10.00,5.14,4.98,1.00,0.54,1.00,1.00,,5.43,5.13,4.97,-99.00,-99.00,80.15,
832.57,10.00,10.00,5.15,4.98,1.00,0.54,1.00,1.00,,5.43,5.15,4.97,-99.00,-99.00,80.15,
835.50,10.00,10.00,5.14,4.98,1.00,0.54,1.00,1.00,,5.43,5.16,4.97,-99.00,-99.00,80.15,
838.70,10.00,10.00,5.14,4.98,1.00,0.54,1.00,1.00,,5.43,5.15,4.97,-99.00,-99.00,80.15,
842.01,10.00,10.00,5.14,4.98,1.00,0.54,1.00,1.00,,5.43,5.13,4.97,-99.00,-99.00,80.15,
845.14,10.00,10.00,5.15,4.98,1.00,0.54,0.99,1.00,,5.43,5.16,4.97,-99.00,-99.00,80.15,
848.27,10.00,10.00,5.15,4.98,1.00,0.54,1.00,1.00,,5.43,5.17,4.97,-99.00,-99.00,80.15,
851.59,10.00,10.00,5.14,4.98,1.00,0.54,1.00,1.00,,5.43,5.15,4.97,-99.00,-99.00,80.15,
854.92,10.00,10.00,5.14,4.98,1.00,0.54,1.00,1.00,,5.43,5.13,4.97,-99.00,-99.00,80.15,
858.40,10.00,10.00,5.15,4.98,1.00,0.54,1.00,1.00,,5.43,5.13,4.97,-99.00,-99.00,80.15,
861.77,10.00,10.00,5.14,4.98,1.00,0.54,1.00,1.00,,5.43,5.15,4.97,-99.00,-99.00,80.15,
864.99,10.00,10.00,5.14,4.98,1.00,0.54,1.00,1.00,,5.43,5.13,4.97,-99.00,-99.00,80.15,
868.20,10.00,10.00,5.15,4.98,1.00,0.54,1.00,1.00,,5.43,5.15,4.97,-99.00,-99.00,80.15,
871.14,10.00,10.00,5.14,4.98,1.00,0.54,0.99,1.00,,5.43,5.11,4.97,-99.00,-99.00,80.15,
874.53,10.00,10.00,5.15,4.98,1.00,0.54,1.00,1.00,,5.43,5.15,4.97,-99.00,-99.00,80.15,
877.92,10.00,10.00,5.14,4.98,1.00,0.54,1.01,1.00,,5.43,5.17,4.97,-99.00,-99.00,80.15,
881.13,10.00,10.00,5.14,4.98,1.00,0.54,1.00,1.00,,5.43,5.13,4.97,-99.00,-99.00,80.15,
884.56,10.00,10.00,5.15,4.98,1.00,0.54,1.00,1.00,,5.43,5.13,4.97,-99.00,-99.00,80.15,
888.01,10.00,10.00,5.14,4.98,1.00,0.54,1.00,1.00,,5.43,5.15,4.97,-99.00,-99.00,80.15,
891.47,10.00,10.00,5.14,4.98,1.00,0.54,1.00,1.00,,5.43,5.13,4.97,-99.00,-99.00,80.15,
894.77,10.00,10.00,5.15,4.98,1.00,0.54,1.00,1.00,,5.43,5.16,4.97,-99.00,-99.00,80.15,
897.99,10.00,10.00,5.14,4.98,1.00,0.54,1.00,1.00,,5.43,5.15,4.97,-99.00,-99.00,80.15,
901.49,10.00,10.00,5.14,4.98,1.00,0.54,1.00,1.00,,5.43,5.12,4.97,-99.00,-99.00,80.15,
904.73,10.00,10.00,5.15,4.98,1.00,0.54,1.00,1.00,,5.43,5.15,4.97,-99.00,-99.00,80.15,
908.23,10.00,10.00,5.15,4.98,1.00,0.54,1.00,1.00,,5.43,5.17,4.97,-99.00,-99.00,80.15,
912.19,10.00,10.00,5.15,4.98,1.00,0.54,1.00,1.00,,5.43,5.15,4.97,-99.00,-99.00,80.15,
915.57,10.00,10.00,5.15,4.98,1.00,0.54,1.00,1.00,,5.43,5.18,4.97,-99.00,-99.00,80.15,
918.68,10.00,10.00,5.14,4.98,1.00,0.54,1.00,1.00,,5.43,5.13,4.97,-99.00,-99.00,80.15,
922.04,10.00,10.00,5.15,4.98,1.00,0.54,1.00,1.00,,5.43,5.15,4.97,-99.00,-99.00,80.15,
924.78,10.00,10.00,5.14,4.98,1.00,0.54,1.00,1.00,,5.43,5.15,4.97,-99.00,-99.00,80.15,
927.93,10.00,10.00,5.14,4.98,1.00,0.54,1.00,1.00,,5.43,5.16,4.97,-99.00,-99.00,80.15,
931.25,10.00,10.00,5.15,4.98,1.00,0.54,1.00,1.00,,5.43,5.15,4.97,-99.00,-99.00,80.15,
934.37,10.00,10.00,5.15,4.98,1.00,0.54,1.00,1.00,,5.43,5.13,4.97,-99.00,-99.00,80.15,
937.90,10.00,10.00,5.15,4.98,1.00,0.54,1.00,1.00,,5.43,5.13,4.97,-99.00,-99.00,80.15,
941.46,10.00,10.00,5.14,4.98,1.00,0.54,1.00,1.00,,5.43,5.15,4.97,-99.00,-99.00,80.15,
944.23,10.00,10.00,5.15,4.98,1.00,0.54,1.00,1.00,,5.43,5.15,4.97,-99.00,-99.00,80.15,
947.78,10.00,10.00,5.14,4.98,1.00,0.54,0.99,1.00,,5.43,5.15,4.97,-99.00,-99.00,80.15,
951.41,10.00,10.00,5.15,4.98,1.00,0.54,1.00,1.00,,5.43,5.13,4.97,-99.00,-99.00,80.15,
955.03,10.00,10.00,5.14,4.98,1.00,0.54,1.00,1.00,,5.43,5.16,4.97,-99.00,-99.00,80.15,
958.62,10.00,10.00,5.15,4.98,1.00,0.54,1.00,1.00,,5.43,5.13,4.97,-99.00,-99.00,79.70,
962.20,10.00,10.00,5.15,4.98,1.00,0.54,1.00,1.00,,5.43,5.13,4.97,-99.00,-99.00,80.15,
965.80,10.00,10.00,5.14,4.98,1.00,0.54,1.00,1.00,,5.43,5.15,4.97,-99.00,-99.00,80.15,
969.40,10.00,10.00,5.14,4.98,1.00,0.54,1.00,1.00,,5.43,5.15,4.97,-99.00,-99.00,80.15,
973.01,10.00,10.00,5.14,4.98,1.00,0.54,1.00,1.00,,5.43,5.16,4.97,-99.00,-99.00,80.15,
976.62,10.00,10.00,5.14,4.98,1.00,0.54,1.00,1.00,,5.43,5.13,4.97,-99.00,-99.00,80.15,
980.23,10.00,10.00,5.14,4.98,1.00,0.54,1.00,1.00,,5.43,5.12,4.97,-99.00,-99.00,80.15,
983.86,10.00,10.00,5.14,4.98,1.00,0.54,1.00,1.00,,5.43,5.13,4.97,-99.00,-99.00,80.15,
987.55,10.00,10.00,5.15,4.98,1.00,0.54,1.00,1.00,,5.43,5.15,4.97,-99.00,-99.00,80.15,
991.18,10.00,10.00,5.14,4.98,1.00,0.54,1.00,1.00,,5.43,5.15,4.97,-99.00,-99.00,80.15,
994.85,10.00,10.00,5.14,4.98,1.00,0.54,1.00,1.00,,5.43,5.13,4.97,-99.00,-99.00,80.15,
998.50,10.00,10.00,5.14,4.98,1.00,0.54,1.00,1.00,,5.43,5.12,4.97,-99.00,-99.00,80.15,
1002.17,10.00,10.00,5.14,4.98,1.00,0.54,1.00,1.00,,5.43,5.13,4.97,-99.00,-99.00,80.15,
1005.38,10.00,10.00,5.14,4.98,1.00,0.54,1.00,1.00,,5.43,5.13,4.97,-99.00,-99.00,80.15,
1008.61,10.00,10.00,5.14,4.98,1.00,0.54,1.00,1.00,,5.43,5.15,4.97,-99.00,-99.00,80.15,
1012.33,10.00,10.00,5.15,4.98,1.00,0.54,1.00,1.00,,5.43,5.13,4.97,-99.00,-99.00,80.15,
1016.04,10.00,10.00,5.14,4.98,1.00,0.54,1.00,1.00,,5.43,5.13,4.97,-99.00,-99.00,80.15,
1018.88,10.00,10.00,5.15,4.98,1.00,0.54,0.99,1.00,,5.43,5.13,4.97,-99.00,-99.00,80.15,
1022.61,10.00,10.00,5.14,4.98,1.00,0.54,1.00,1.00,,5.43,5.15,4.97,-99.00,-99.00,80.15,
1026.10,10.00,10.00,5.14,4.98,1.00,0.54,1.00,1.00,,5.43,5.13,4.97,-99.00,-99.00,80.15,
1029.64,10.00,10.00,5.14,4.98,1.00,0.54,1.00,1.00,,5.43,5.13,4.97,-99.00,-99.00,80.15,
1033.20,10.00,10.00,5.14,4.98,1.00,0.54,1.00,1.00,,5.43,5.13,4.97,-99.00,-99.00,80.15,
1036.65,10.00,10.00,5.14,4.98,1.00,0.54,1.00,1.00,,5.43,5.13,4.97,-99.00,-99.00,80.60,
1039.27,10.00,10.00,5.14,4.98,1.00,0.54,1.00,1.00,,5.43,5.16,4.97,-99.00,-99.00,80.15,
1042.82,10.00,10.00,5.14,4.98,1.00,0.54,1.00,1.00,,5.43,5.13,4.97,-99.00,-99.00,80.15,
1046.13,10.00,10.00,5.15,4.98,1.00,0.54,1.00,1.00,,5.43,5.13,4.97,-99.00,-99.00,80.60,
1049.90,10.00,10.00,5.15,4.98,1.00,0.54,1.00,1.00,,5.43,5.16,4.97,-99.00,-99.00,80.15,
1053.14,10.00,10.00,5.15,4.98,1.00,0.54,1.00,1.00,,5.43,5.15,4.97,-99.00,-99.00,80.15,
1056.95,10.00,10.00,5.14,4.98,1.00,0.54,1.00,1.00,,5.43,5.15,4.97,-99.00,-99.00,80.15,
1060.54,10.00,10.00,5.15,4.98,1.00,0.54,1.00,1.00,,5.43,5.12,4.97,-99.00,-99.00,80.15,
1064.35,10.00,10.00,5.14,4.98,1.00,0.54,1.00,1.00,,5.43,5.13,4.97,-99.00,-99.00,80.15,
1067.88,10.00,10.00,5.15,4.98,1.00,0.54,1.00,1.00,,5.43,5.17,4.97,-99.00,-99.00,80.15,
1071.25,10.00,10.00,5.14,4.98,1.00,0.54,1.00,1.00,,5.43,5.15,4.97,-99.00,-99.00,80.15,
1074.65,10.00,10.00,5.15,4.98,1.00,0.54,1.00,1.00,,5.43,5.13,4.97,-99.00,-99.00,80.15,
1078.27,10.00,10.00,5.14,4.98,1.00,0.54,1.00,1.00,,5.43,5.15,4.97,-99.00,-99.00,80.15,
1082.10,10.00,10.00,5.14,4.98,1.00,0.54,1.00,1.00,,5.43,5.17,4.97,-99.00,-99.00,80.60,
1085.71,10.00,10.00,5.14,4.98,1.00,0.54,1.00,1.00,,5.43,5.16,4.97,-99.00,-99.00,80.15,
1089.26,10.00,10.00,5.15,4.98,1.00,0.54,1.00,1.00,,5.43,5.17,4.97,-99.00,-99.00,80.60,
1092.88,10.00,10.00,5.15,4.98,1.00,0.54,1.00,1.00,,5.43,5.12,4.97,-99.00,-99.00,80.15,
1096.63,10.00,10.00,5.14,4.98,1.00,0.54,1.00,1.00,,5.43,5.15,4.97,-99.00,-99.00,80.15,
1100.51,10.00,10.00,5.14,4.98,1.00,0.54,0.99,1.00,,5.43,5.12,4.97,-99.00,-99.00,80.60,
1103.91,10.00,10.00,5.14,4.98,1.00,0.54,1.00,1.00,,5.43,5.15,4.97,-99.00,-99.00,80.60,
1107.64,10.00,10.00,5.14,4.98,1.00,0.54,1.00,1.00,,5.43,5.15,4.97,-99.00,-99.00,80.60,
1111.34,10.00,10.00,5.14,4.98,1.00,0.54,1.00,1.00,,5.43,5.13,4.97,-99.00,-99.00,80.60,
1115.09,10.00,10.00,5.15,4.98,1.00,0.54,1.00,1.00,,5.43,5.13,4.97,-99.00,-99.00,80.60,
1118.77,10.00,10.00,5.14,4.98,1.00,0.54,1.00,1.00,,5.43,5.15,4.97,-99.00,-99.00,80.60,
1123.23,10.00,10.00,5.15,4.98,1.00,0.54,1.00,1.00,,5.43,5.15,4.97,-99.00,-99.00,80.15,
1126.15,10.00,10.00,5.14,4.98,1.00,0.54,1.00,1.00,,5.43,5.15,4.97,-99.00,-99.00,80.60,
1129.87,10.00,10.00,5.14,4.98,1.00,0.54,1.00,1.00,,5.43,5.13,4.97,-99.00,-99.00,80.15,
1133.70,10.00,10.00,5.14,4.98,1.00,0.54,1.00,1.00,,5.43,5.15,4.97,-99.00,-99.00,80.15,
1137.69,10.00,10.00,5.14,4.98,1.00,0.54,1.00,1.00,,5.43,5.15,4.97,-99.00,-99.00,80.15,
1141.32,10.00,10.00,5.14,4.98,1.00,0.54,1.00,1.00,,5.43,5.12,4.97,-99.00,-99.00,80.15,
1144.79,10.00,10.00,5.14,4.98,1.00,0.54,1.00,1.00,,5.43,5.13,4.97,-99.00,-99.00,80.15,
1148.67,10.00,10.00,5.14,4.98,1.00,0.54,1.00,1.00,,5.43,5.13,4.97,-99.00,-99.00,80.15,
1152.40,10.00,10.00,5.14,4.98,1.00,0.54,1.00,1.00,,5.43,5.15,4.97,-99.00,-99.00,80.15,
1156.12,10.00,10.00,5.14,4.98,1.00,0.54,1.00,1.00,,5.43,5.13,4.97,-99.00,-99.00,80.60,
1160.03,10.00,10.00,5.14,4.98,1.00,0.54,1.00,1.00,,5.43,5.13,4.97,-99.00,-99.00,80.60,
1163.68,10.00,10.00,5.14,4.98,1.00,0.54,1.00,1.00,,5.43,5.12,4.97,-99.00,-99.00,80.60,
1167.33,10.00,10.00,5.14,4.98,1.00,0.54,1.00,1.00,,5.43,5.15,4.97,-99.00,-99.00,80.60,
1170.96,10.00,10.00,5.15,4.98,1.00,0.54,1.00,1.00,,5.43,5.15,4.97,-99.00,-99.00,80.60,
1174.36,10.00,10.00,5.14,4.98,1.00,0.54,1.00,1.00,,5.43,5.15,4.97,-99.00,-99.00,80.60,
1177.94,10.00,10.00,5.14,4.98,1.00,0.54,1.00,1.00,,5.43,5.15,4.97,-99.00,-99.00,80.60,
1181.64,10.00,10.00,5.15,4.98,1.00,0.54,1.00,1.00,,5.43,5.15,4.97,-99.00,-99.00,80.60,
1185.34,10.00,10.00,5.14,4.98,1.00,0.54,1.00,1.00,,5.43,5.16,4.97,-99.00,-99.00,80.60,
1189.10,10.00,10.00,5.15,4.98,1.00,0.54,1.00,1.00,,5.43,5.13,4.97,-99.00,-99.00,80.60,
1192.84,10.00,10.00,5.14,4.98,1.00,0.54,1.00,1.00,,5.43,5.15,4.97,-99.00,-99.00,80.60,
1196.62,10.00,10.00,5.15,4.98,1.00,0.54,1.00,1.00,,5.43,5.13,4.97,-99.00,-99.00,80.15,
1200.28,10.00,10.00,5.15,4.98,1.00,0.54,0.99,1.00,,5.43,5.12,4.97,-99.00,-99.00,80.60,
1204.06,10.00,10.00,5.14,4.98,1.00,0.54,1.00,1.00,,5.43,5.16,4.97,-99.00,-99.00,80.60,
1207.51,10.00,10.00,5.14,4.98,1.00,0.54,1.00,1.00,,5.43,5.15,4.97,-99.00,-99.00,80.60,
1211.17,10.00,10.00,5.14,4.98,1.00,0.54,1.00,1.00,,5.43,5.15,4.97,-99.00,-99.00,80.60,
1214.55,10.00,10.00,5.15,4.98,1.00,0.54,1.00,1.00,,5.43,5.13,4.97,-99.00,-99.00,80.60,
1218.58,10.00,10.00,5.14,4.98,1.00,0.54,1.00,1.00,,5.43,5.15,4.97,-99.00,-99.00,80.60,
1221.97,10.00,10.00,5.14,4.98,1.00,0.54,1.00,1.00,,5.43,5.15,4.97,-99.00,-99.00,80.60,
1225.80,10.00,10.00,5.14,4.98,1.00,0.54,1.00,1.00,,5.43,5.13,4.97,-99.00,-99.00,80.60,
1229.30,10.00,10.00,5.14,4.98,1.00,0.54,1.00,1.00,,5.43,5.13,4.97,-99.00,-99.00,80.60,
1233.11,10.00,10.00,5.15,4.98,1.00,0.54,1.00,1.00,,5.43,5.13,4.97,-99.00,-99.00,80.15,
1236.95,10.00,10.00,5.14,4.98,1.00,0.54,1.00,1.00,,5.43,5.15,4.97,-99.00,-99.00,80.60,
1240.94,10.00,10.00,5.15,4.98,1.00,0.54,1.00,1.00,,5.43,5.16,4.97,-99.00,-99.00,80.60,
1244.78,10.00,10.00,5.14,4.98,1.00,0.54,1.00,1.00,,5.43,5.16,4.97,-99.00,-99.00,80.60,
1248.66,10.00,10.00,5.14,4.98,1.00,0.54,1.00,1.00,,5.43,5.12,4.97,-99.00,-99.00,80.60,
1252.49,10.00,10.00,5.15,4.98,1.00,0.54,1.00,1.00,,5.43,5.15,4.97,-99.00,-99.00,80.60,
1256.40,10.00,10.00,5.14,4.98,1.00,0.54,1.00,1.00,,5.43,5.13,4.97,-99.00,-99.00,80.15,
1260.59,10.00,10.00,5.14,4.98,1.00,0.54,1.00,1.00,,5.43,5.13,4.97,-99.00,-99.00,80.60,
1264.90,10.00,10.00,5.14,4.98,1.00,0.54,1.00,1.00,,5.43,5.13,4.97,-99.00,-99.00,80.60,
1268.65,10.00,10.00,5.15,4.98,1.00,0.54,1.00,1.00,,5.43,5.13,4.97,-99.00,-99.00,80.60,
1272.53,10.00,10.00,5.14,4.98,1.00,0.54,1.00,1.00,,5.43,5.15,4.97,-99.00,-99.00,80.60,
1275.32,10.00,10.00,5.14,4.98,1.00,0.54,1.00,1.00,,5.43,5.13,4.97,-99.00,-99.00,80.15,
1279.09,10.00,10.00,5.14,4.98,1.00,0.54,1.00,1.00,,5.43,5.15,4.97,-99.00,-99.00,80.60,
1283.14,10.00,10.00,5.14,4.98,1.00,0.54,1.00,1.00,,5.43,5.13,4.97,-99.00,-99.00,80.60,
1287.03,10.00,10.00,5.14,4.98,1.00,0.54,1.00,1.00,,5.43,5.13,4.97,-99.00,-99.00,80.60,
1290.99,10.00,10.00,5.14,4.98,1.00,0.54,1.00,1.00,,5.43,5.15,4.97,-99.00,-99.00,80.60,
1294.50,10.00,10.00,5.14,4.98,1.00,0.54,1.00,1.00,,5.43,5.15,4.97,-99.00,-99.00,80.60,
1298.25,10.00,10.00,5.14,4.98,1.00,0.54,1.00,1.00,,5.43,5.16,4.97,-99.00,-99.00,81.05,
1301.72,10.00,10.00,5.14,4.98,1.00,0.54,1.00,1.00,,5.43,5.15,4.97,-99.00,-99.00,80.60,
1304.51,10.00,10.00,5.14,4.98,1.00,0.54,1.00,1.00,,5.43,5.13,4.97,-99.00,-99.00,80.60,
1308.30,10.00,10.00,5.15,4.98,1.00,0.54,1.00,1.00,,5.43,5.13,4.97,-99.00,-99.00,81.05,
1312.27,10.00,10.00,5.14,4.98,1.00,0.54,1.00,1.00,,5.43,5.15,4.97,-99.00,-99.00,81.05,
1316.07,10.00,10.00,5.15,4.98,1.00,0.54,1.00,1.00,,5.43,5.15,4.97,-99.00,-99.00,80.60,
1319.17,10.00,10.00,5.14,4.98,1.00,0.54,1.00,1.00,,5.43,5.15,4.97,-99.00,-99.00,80.60,
1323.08,10.00,10.00,5.14,4.98,1.00,0.54,1.00,1.00,,5.43,5.16,4.97,-99.00,-99.00,80.60,
1326.90,10.00,10.00,5.15,4.98,1.00,0.54,1.00,1.00,,5.43,5.15,4.97,-99.00,-99.00,80.60,
1330.93,10.00,10.00,5.15,4.98,1.00,0.54,1.00,1.00,,5.43,5.12,4.97,-99.00,-99.00,80.60,
1335.00,10.00,10.00,5.14,4.98,1.00,0.54,1.00,1.00,,5.43,5.15,4.97,-99.00,-99.00,80.60,
1338.98,10.00,10.00,5.15,4.98,1.00,0.54,1.00,1.00,,5.43,5.15,4.97,-99.00,-99.00,80.60,
1342.93,10.00,10.00,5.14,4.98,1.00,0.54,1.00,1.00,,5.43,5.13,4.97,-99.00,-99.00,80.60,
1346.94,10.00,10.00,5.14,4.98,1.00,0.54,1.00,1.00,,5.43,5.15,4.97,-99.00,-99.00,80.60,
1350.98,10.00,10.00,5.15,4.98,1.00,0.54,1.00,1.00,,5.43,5.15,4.97,-99.00,-99.00,80.60,
1354.90,10.00,10.00,5.14,4.98,1.00,0.54,1.00,1.00,,5.43,5.15,4.97,-99.00,-99.00,80.60,
1358.94,10.00,10.00,5.15,4.98,1.00,0.54,1.00,1.00,,5.43,5.12,4.97,-99.00,-99.00,80.60,
1362.71,10.00,10.00,5.14,4.98,1.00,0.54,1.00,1.00,,5.43,5.15,4.97,-99.00,-99.00,80.60,
1366.77,10.00,10.00,5.15,4.98,1.00,0.54,1.00,1.00,,5.43,5.12,4.97,-99.00,-99.00,80.60,
1370.72,10.00,10.00,5.14,4.98,1.00,0.54,1.00,1.00,,5.43,5.15,4.97,-99.00,-99.00,80.60,
1374.66,10.00,10.00,5.14,4.98,1.00,0.54,1.00,1.00,,5.43,5.15,4.97,-99.00,-99.00,81.05,
1378.62,10.00,10.00,5.14,4.98,1.00,0.54,1.00,1.00,,5.43,5.12,4.97,-99.00,-99.00,80.60,
1382.65,10.00,10.00,5.14,4.98,1.00,0.54,1.00,1.00,,5.43,5.13,4.97,-99.00,-99.00,80.60,
1385.81,10.00,10.00,5.15,4.98,1.00,0.54,1.00,1.00,,5.43,5.16,4.97,-99.00,-99.00,80.60,
1389.48,10.00,10.00,5.14,4.98,1.00,0.54,1.00,1.00,,5.43,5.13,4.97,-99.00,-99.00,80.60,
1393.50,10.00,10.00,5.14,4.98,1.00,0.54,1.00,1.00,,5.43,5.13,4.97,-99.00,-99.00,80.60,
1397.50,10.00,10.00,5.14,4.98,1.00,0.54,1.00,1.00,,5.43,5.15,4.97,-99.00,-99.00,80.60,
1401.55,10.00,10.00,5.14,4.98,1.00,0.54,0.99,1.00,,5.43,5.12,4.97,-99.00,-99.00,80.60,
1405.40,10.00,10.00,5.14,4.98,1.00,0.54,1.00,1.00,,5.43,5.13,4.97,-99.00,-99.00,80.60,
1409.10,10.00,10.00,5.14,4.98,1.00,0.54,1.00,1.00,,5.43,5.13,4.97,-99.00,-99.00,80.60,
1412.79,10.00,10.00,5.14,4.98,1.00,0.54,1.00,1.00,,5.43,5.15,4.97,-99.00,-99.00,80.60,
1416.86,10.00,10.00,5.14,4.98,1.00,0.54,1.00,1.00,,5.43,5.15,4.97,-99.00,-99.00,80.60,
1420.84,10.00,10.00,5.14,4.98,1.00,0.54,1.00,1.00,,5.43,5.13,4.97,-99.00,-99.00,80.60,
1424.58,10.00,10.00,5.14,4.98,1.00,0.54,1.00,1.00,,5.43,5.13,4.97,-99.00,-99.00,80.60,
1428.69,10.00,10.00,5.15,4.98,1.00,0.54,1.00,1.00,,5.43,5.15,4.97,-99.00,-99.00,80.60,
1432.77,10.00,10.00,5.14,4.98,1.00,0.54,1.00,1.00,,5.43,5.15,4.97,-99.00,-99.00,80.60,
1436.52,10.00,10.00,5.14,4.98,1.00,0.54,1.00,1.00,,5.43,5.16,4.97,-99.00,-99.00,80.60,
1440.55,10.00,10.00,5.14,4.98,1.00,0.54,0.99,1.00,,5.43,5.12,4.97,-99.00,-99.00,80.60,
1444.63,10.00,10.00,5.14,4.98,1.00,0.54,1.00,1.00,,5.43,5.15,4.97,-99.00,-99.00,80.60,
1448.55,10.00,10.00,5.14,4.98,1.00,0.54,1.00,1.00,,5.43,5.13,4.97,-99.00,-99.00,80.60,
1452.56,10.00,10.00,5.15,4.98,1.00,0.54,1.00,1.00,,5.43,5.15,4.97,-99.00,-99.00,80.60,
1456.29,10.00,10.00,5.14,4.98,1.00,0.54,1.00,1.00,,5.43,5.13,4.97,-99.00,-99.00,80.60,
1460.03,10.00,10.00,5.15,4.98,1.00,0.54,1.00,1.00,,5.43,5.15,4.97,-99.00,-99.00,80.60,
1463.80,10.00,10.00,5.14,4.98,1.00,0.54,1.00,1.00,,5.43,5.13,4.97,-99.00,-99.00,80.60,
1467.61,10.00,10.00,5.14,4.98,1.00,0.54,1.00,1.00,,5.43,5.13,4.97,-99.00,-99.00,80.60,
1471.68,10.00,10.00,5.14,4.98,1.00,0.54,1.00,1.00,,5.43,5.13,4.97,-99.00,-99.00,80.60,
1475.46,10.00,10.00,5.14,4.98,1.00,0.54,1.00,1.00,,5.43,5.12,4.97,-99.00,-99.00,80.60,
1479.22,10.00,10.00,5.14,4.98,1.00,0.54,1.00,1.00,,5.43,5.15,4.97,-99.00,-99.00,80.60,
1483.02,10.00,10.00,5.15,4.98,1.00,0.54,1.00,1.00,,5.43,5.15,4.97,-99.00,-99.00,80.60,
1486.88,10.00,10.00,5.15,4.98,1.00,0.54,1.00,1.00,,5.43,5.13,4.97,-99.00,-99.00,80.60,
1490.92,10.00,10.00,5.14,4.98,1.00,0.54,1.00,1.00,,5.43,5.13,4.97,-99.00,-99.00,80.60,
1494.71,10.00,10.00,5.14,4.98,1.00,0.54,1.00,1.00,,5.43,5.15,4.97,-99.00,-99.00,80.60,
1498.88,10.00,10.00,5.14,4.98,1.00,0.54,1.00,1.00,,5.43,5.15,4.97,-99.00,-99.00,80.60,
1503.08,10.00,10.00,5.15,4.98,1.00,0.54,1.00,1.00,,5.43,5.15,4.97,-99.00,-99.00,81.05,
1507.26,10.00,10.00,5.14,4.98,1.00,0.54,1.00,1.00,,5.43,5.13,4.97,-99.00,-99.00,80.60,
1511.42,10.00,10.00,5.14,4.98,1.00,0.54,0.99,1.00,,5.43,5.15,4.97,-99.00,-99.00,80.60,
1514.38,10.00,10.00,5.15,4.98,1.00,0.54,1.00,1.00,,5.43,5.15,4.97,-99.00,-99.00,80.60,
1518.39,10.00,10.00,5.15,4.98,1.00,0.54,1.00,1.00,,5.43,5.15,4.97,-99.00,-99.00,80.60,
1522.22,10.00,10.00,5.14,4.98,1.00,0.54,1.00,1.00,,5.43,5.13,4.97,-99.00,-99.00,80.60,
1526.04,10.00,10.00,5.15,4.98,1.00,0.54,1.00,1.00,,5.43,5.15,4.97,-99.00,-99.00,80.60,
1529.84,10.00,10.00,5.14,4.98,1.00,0.54,1.00,1.00,,5.43,5.13,4.97,-99.00,-99.00,80.60,
1533.92,10.00,10.00,5.14,4.98,1.00,0.54,1.00,1.00,,5.43,5.13,4.97,-99.00,-99.00,80.60,
1537.78,10.00,10.00,5.14,4.98,1.00,0.54,1.00,1.00,,5.43,5.13,4.97,-99.00,-99.00,80.60,
1542.00,10.00,10.00,5.15,4.98,1.00,0.54,1.00,1.00,,5.43,5.15,4.97,-99.00,-99.00,80.60,
1546.20,10.00,10.00,5.15,4.98,1.00,0.54,1.00,1.00,,5.43,5.15,4.97,-99.00,-99.00,81.05,
1550.32,10.00,10.00,5.14,4.98,1.00,0.54,1.00,1.00,,5.43,5.15,4.97,-99.00,-99.00,80.60,
1554.92,10.00,10.00,5.14,4.98,1.00,0.54,1.00,1.00,,5.43,5.15,4.97,-99.00,-99.00,80.60,
1558.79,10.00,10.00,5.14,4.98,1.00,0.54,1.00,1.00,,5.43,5.15,4.97,-99.00,-99.00,81.05,
1562.97,10.00,10.00,5.14,4.98,1.00,0.54,1.00,1.00,,5.43,5.13,4.97,-99.00,-99.00,80.60,
1566.86,10.00,10.00,5.14,4.98,1.00,0.54,1.00,1.00,,5.43,5.15,4.97,-99.00,-99.00,81.05,
1570.96,10.00,10.00,5.14,4.98,1.00,0.54,1.00,1.00,,5.43,5.15,4.97,-99.00,-99.00,80.60,
1575.22,10.00,10.00,5.14,4.98,1.00,0.54,1.00,1.00,,5.43,5.13,4.97,-99.00,-99.00,80.60,
1579.48,10.00,10.00,5.14,4.98,1.00,0.54,0.99,1.00,,5.43,5.11,4.97,-99.00,-99.00,80.60,
1583.75,10.00,10.00,5.15,4.98,1.00,0.54,1.00,1.00,,5.43,5.13,4.97,-99.00,-99.00,80.60,
1587.92,10.00,10.00,5.14,4.98,1.00,0.54,1.00,1.00,,5.43,5.15,4.97,-99.00,-99.00,80.60,
1592.27,10.00,10.00,5.15,4.98,1.00,0.54,1.00,1.00,,5.43,5.15,4.97,-99.00,-99.00,80.60,
1596.58,10.00,10.00,5.15,4.98,1.00,0.54,1.00,1.00,,5.43,5.15,4.97,-99.00,-99.00,80.60,
1600.62,10.00,10.00,5.14,4.98,1.00,0.54,1.00,1.00,,5.43,5.15,4.97,-99.00,-99.00,80.60,
1604.91,10.00,10.00,5.14,4.98,1.00,0.54,1.00,1.00,,5.43,5.15,4.97,-99.00,-99.00,80.60,
1609.32,10.00,10.00,5.14,4.98,1.00,0.54,1.00,1.00,,5.43,5.16,4.97,-99.00,-99.00,80.60,
1613.63,10.00,10.00,5.15,4.98,1.00,0.54,1.00,1.00,,5.43,5.13,4.97,-99.00,-99.00,80.60,
1618.07,10.00,10.00,5.15,4.98,1.00,0.54,1.00,1.00,,5.43,5.16,4.97,-99.00,-99.00,81.05,
1622.01,10.00,10.00,5.14,4.98,1.00,0.54,1.00,1.00,,5.43,5.15,4.97,-99.00,-99.00,80.60,
1625.94,10.00,10.00,5.14,4.98,1.00,0.54,1.00,1.00,,5.43,5.16,4.97,-99.00,-99.00,80.60,
1630.18,10.00,10.00,5.14,4.98,1.00,0.54,1.00,1.00,,5.43,5.16,4.97,-99.00,-99.00,80.60,
1634.46,10.00,10.00,5.15,4.98,1.00,0.54,1.00,1.00,,5.43,5.16,4.97,-99.00,-99.00,80.60,
1638.45,10.00,10.00,5.14,4.98,1.00,0.54,1.00,1.00,,5.43,5.15,4.97,-99.00,-99.00,80.60,
1643.64,10.00,10.00,5.14,4.98,1.00,0.54,1.00,1.00,,5.43,5.15,4.97,-99.00,-99.00,80.60,
1647.81,10.00,10.00,5.13,4.96,2.00,1.08,2.00,1.10,,10.85,10.24,5.45,-99.00,-99.00,80.60,
1652.35,10.00,10.00,5.13,4.76,2.00,1.08,2.00,2.00,,10.85,10.25,9.51,-99.00,-99.00,81.05,
1656.76,10.00,10.00,5.13,4.77,2.00,1.09,2.00,2.00,,10.86,10.25,9.53,-99.00,-99.00,81.05,
1661.18,10.00,10.00,5.14,4.78,2.00,1.09,2.00,2.00,,10.86,10.24,9.54,-99.00,-99.00,81.50,
1665.55,10.00,10.00,5.13,4.78,2.00,1.09,2.00,2.00,,10.86,10.25,9.54,-99.00,-99.00,81.95,
1669.81,10.00,10.00,5.13,4.78,2.00,1.09,2.00,2.00,,10.86,10.25,9.54,-99.00,-99.00,82.40,
1674.25,10.00,10.00,5.13,4.77,2.00,1.09,2.00,2.00,,10.86,10.24,9.53,-99.00,-99.00,83.30,
1678.54,10.00,10.00,5.14,4.78,2.00,1.09,2.00,2.00,,10.86,10.27,9.54,-99.00,-99.00,83.30,
1682.90,10.00,10.00,5.13,4.78,2.00,1.09,2.00,2.00,,10.86,10.25,9.55,-99.00,-99.00,84.20,
1687.18,10.00,10.00,5.13,4.78,2.00,1.09,2.00,2.00,,10.86,10.25,9.55,-99.00,-99.00,84.20,
1691.09,10.00,10.00,5.13,4.78,2.00,1.09,2.01,2.00,,10.86,10.30,9.55,-99.00,-99.00,84.65,
1695.50,10.00,10.00,5.13,4.78,2.00,1.09,2.00,2.00,,10.86,10.25,9.55,-99.00,-99.00,85.55,
1699.51,10.00,10.00,5.14,4.78,2.00,1.09,2.00,2.00,,10.86,10.27,9.55,-99.00,-99.00,85.55,
1703.47,10.00,10.00,5.14,4.78,2.00,1.09,2.00,2.00,,10.86,10.25,9.55,-99.00,-99.00,86.00,
1707.91,10.00,10.00,5.13,4.78,2.00,1.09,2.00,2.00,,10.86,10.25,9.55,-99.00,-99.00,86.45,
1711.89,10.00,10.00,5.13,4.78,2.00,1.09,2.00,2.00,,10.86,10.25,9.55,-99.00,-99.00,86.45,
1716.33,10.00,10.00,5.13,4.78,2.00,1.09,2.00,2.00,,10.86,10.27,9.55,-99.00,-99.00,86.90,
1720.73,10.00,10.00,5.13,4.78,2.00,1.09,2.00,2.00,,10.86,10.25,9.55,-99.00,-99.00,87.35,
1724.80,10.00,10.00,5.14,4.78,2.00,1.09,2.00,2.00,,10.86,10.24,9.55,-99.00,-99.00,87.80,
1729.30,10.00,10.00,5.14,4.78,2.00,1.09,2.00,2.00,,10.86,10.27,9.55,-99.00,-99.00,87.80,
1733.31,10.00,10.00,5.14,4.78,2.00,1.09,2.00,2.00,,10.86,10.24,9.55,-99.00,-99.00,88.25,
1737.29,10.00,10.00,5.14,4.78,2.00,1.09,2.00,2.00,,10.86,10.27,9.55,-99.00,-99.00,88.25,
1741.49,10.00,10.00,5.14,4.78,2.00,1.09,2.00,2.00,,10.86,10.25,9.56,-99.00,-99.00,88.70,
1745.64,10.00,10.00,5.14,4.78,2.00,1.09,2.00,2.00,,10.86,10.25,9.56,-99.00,-99.00,89.15,
1750.09,10.00,10.00,5.14,4.78,2.00,1.09,2.00,2.00,,10.86,10.25,9.56,-99.00,-99.00,89.15,
1754.06,10.00,10.00,5.14,4.78,2.00,1.09,2.00,2.00,,10.86,10.28,9.56,-99.00,-99.00,89.60,
1758.58,10.00,10.00,5.14,4.78,2.00,1.09,2.00,2.00,,10.86,10.27,9.56,-99.00,-99.00,90.05,
1763.00,10.00,10.00,5.13,4.78,2.00,1.09,2.00,2.00,,10.86,10.27,9.56,-99.00,-99.00,90.05,
1767.37,10.00,10.00,5.13,4.78,2.00,1.09,2.00,2.00,,10.86,10.27,9.56,-99.00,-99.00,90.50,
1771.31,10.00,10.00,5.14,4.78,2.00,1.09,2.00,2.00,,10.86,10.28,9.56,-99.00,-99.00,90.05,
1775.27,10.00,10.00,5.14,4.78,2.00,1.09,2.00,2.00,,10.86,10.25,9.56,-99.00,-99.00,90.95,
1779.22,10.00,10.00,5.14,4.79,2.00,1.09,2.00,2.00,,10.86,10.25,9.56,-99.00,-99.00,90.50,
1783.29,10.00,10.00,5.13,4.79,2.00,1.09,2.00,2.00,,10.86,10.27,9.56,-99.00,-99.00,90.95,
1787.62,10.00,10.00,5.14,4.79,2.00,1.09,2.00,2.00,,10.86,10.27,9.56,-99.00,-99.00,91.40,
1791.90,10.00,10.00,5.14,4.79,2.00,1.09,2.00,2.00,,10.86,10.25,9.56,-99.00,-99.00,91.40,
1796.20,10.00,10.00,5.13,4.79,2.00,1.09,2.00,2.00,,10.86,10.28,9.56,-99.00,-99.00,91.40,
1800.28,10.00,10.00,5.14,4.79,2.00,1.09,2.00,2.00,,10.86,10.29,9.56,-99.00,-99.00,91.85,
1804.61,10.00,10.00,5.13,4.79,2.00,1.09,2.00,2.00,,10.87,10.25,9.56,-99.00,-99.00,91.85,
1808.64,10.00,10.00,5.13,4.79,2.00,1.09,2.00,2.00,,10.86,10.25,9.56,-99.00,-99.00,92.30,
1813.37,10.00,10.00,5.14,4.79,2.00,1.09,1.99,2.00,,10.87,10.23,9.56,-99.00,-99.00,92.30,
1817.68,10.00,10.00,5.13,4.79,2.00,1.09,2.00,2.00,,10.86,10.24,9.56,-99.00,-99.00,92.30,
1822.02,10.00,10.00,5.14,4.79,2.00,1.09,2.00,2.00,,10.86,10.27,9.56,-99.00,-99.00,92.75,
1826.51,10.00,10.00,5.14,4.79,2.00,1.09,2.00,2.00,,10.86,10.27,9.56,-99.00,-99.00,92.75,
1830.62,10.00,10.00,5.13,4.79,2.00,1.09,2.00,2.00,,10.86,10.27,9.56,-99.00,-99.00,92.75,
1835.18,10.00,10.00,5.13,4.79,2.00,1.09,2.00,2.00,,10.86,10.27,9.56,-99.00,-99.00,93.20,
1839.74,10.00,10.00,5.13,4.79,2.00,1.09,2.00,2.00,,10.87,10.24,9.56,-99.00,-99.00,93.20,
1844.34,10.00,10.00,5.13,4.79,2.00,1.09,2.00,2.00,,10.86,10.25,9.56,-99.00,-99.00,92.75,
1848.78,10.00,10.00,5.14,4.79,2.00,1.09,2.00,2.00,,10.86,10.27,9.56,-99.00,-99.00,93.20,
1852.97,10.00,10.00,5.14,4.79,2.00,1.09,2.00,2.00,,10.87,10.27,9.56,-99.00,-99.00,93.20,
1857.14,10.00,10.00,5.14,4.79,2.00,1.09,2.00,2.00,,10.86,10.28,9.56,-99.00,-99.00,93.20,
1861.86,10.00,10.00,5.14,4.79,2.00,1.09,2.00,2.00,,10.87,10.25,9.56,-99.00,-99.00,93.20,
1866.17,10.00,10.00,5.14,4.79,2.00,1.09,2.00,2.00,,10.87,10.27,9.56,-99.00,-99.00,93.65,
1870.74,10.00,10.00,5.14,4.79,2.00,1.09,2.00,2.00,,10.87,10.24,9.56,-99.00,-99.00,93.65,
1875.74,10.00,10.00,5.14,4.79,2.00,1.09,2.00,2.00,,10.87,10.27,9.56,-99.00,-99.00,93.65,
1880.72,10.00,10.00,5.13,4.79,2.00,1.09,2.00,2.00,,10.87,10.27,9.56,-99.00,-99.00,93.65,
1885.83,,,5.14,4.79,2.00,,2.00,2.00,,,10.27,9.56,-99.00,-99.00,94.10,
1891.18,,,5.13,4.79,2.00,,2.00,2.00,,,10.28,9.56,-99.00,-99.00,94.10,
1897.07,,,5.14,4.79,2.00,,2.00,2.00,,,10.25,9.56,-99.00,-99.00,94.55,
1902.88,,,5.13,4.79,2.00,,2.00,2.00,,,10.25,9.56,-99.00,-99.00,94.10,
1908.68,,,5.14,4.79,2.00,,2.00,2.00,,,10.29,9.57,-99.00,-99.00,94.55,
1914.49,,,5.13,4.79,2.00,,2.00,2.00,,,10.27,9.57,-99.00,-99.00,94.55,
1918.35,,,5.13,4.79,2.00,,2.00,2.00,,,10.25,9.57,-99.00,-99.00,94.55,
1922.81,,,5.14,4.79,2.00,,2.00,2.00,,,10.27,9.57,-99.00,-99.00,94.55,
1928.68,,,5.14,4.79,2.00,,2.00,2.00,,,10.28,9.57,-99.00,-99.00,95.00,
1934.54,,,5.14,4.79,2.00,,2.00,2.00,,,10.27,9.57,-99.00,-99.00,94.55,
1938.42,,,5.14,4.79,2.00,,2.00,2.00,,,10.27,9.57,-99.00,-99.00,95.00,
1942.54,,,5.13,4.79,2.00,,2.00,2.00,,,10.25,9.57,-99.00,-99.00,95.00,
1947.27,,,5.14,4.79,2.00,,1.99,2.00,,,10.24,9.57,-99.00,-99.00,95.00,
1951.05,,,5.14,4.79,2.00,,2.00,2.00,,,10.29,9.57,-99.00,-99.00,95.00,
1955.19,,,5.13,4.79,2.00,,2.00,2.00,,,10.27,9.57,-99.00,-99.00,95.00,
1961.04,,,5.14,4.79,2.00,,2.00,2.00,,,10.28,9.57,-99.00,-99.00,95.00,
1966.90,10.00,,5.14,4.79,2.00,,2.00,2.00,,,10.25,9.57,-99.00,-99.00,95.45,
1975.70,,,5.14,4.79,2.00,,2.00,2.00,,,10.25,9.57,-99.00,-99.00,95.45,
1984.39,,,5.13,4.79,2.00,,2.00,2.00,,,10.27,9.57,-99.00,-99.00,95.45,
1990.26,,,5.14,4.79,2.00,,2.00,2.00,,,10.25,9.57,-99.00,-99.00,95.45,
1995.28,10.00,,5.13,4.79,2.00,,2.00,2.00,,,10.27,9.57,-99.00,-99.00,95.45,
2000.24,,,5.13,4.79,2.00,,2.00,2.00,,,10.25,9.57,-99.00,-99.00,95.45,
2006.98,,,5.14,4.79,2.00,,2.00,2.00,,,10.25,9.57,-99.00,-99.00,95.90,
2012.87,,,5.13,4.79,2.00,,1.99,2.00,,,10.24,9.57,-99.00,-99.00,95.45,
2017.00,,,5.13,4.79,2.00,,2.00,2.00,,,10.28,9.57,-99.00,-99.00,95.90,
2020.88,,,5.14,4.79,2.00,,2.00,2.00,,,10.24,9.57,-99.00,-99.00,95.90,
2026.71,,,5.14,4.79,2.00,,2.00,2.00,,,10.28,9.57,-99.00,-99.00,95.45,
2030.54,,,5.13,4.79,2.00,,2.00,2.00,,,10.27,9.57,-99.00,-99.00,95.45,
2034.39,,,5.14,4.79,2.00,,2.00,2.00,,,10.28,9.57,-99.00,-99.00,95.90,
2040.24,,,5.14,4.79,2.00,,2.00,2.00,,,10.25,9.57,-99.00,-99.00,95.90,
2046.12,,,5.13,4.79,2.00,,2.00,2.00,,,10.27,9.57,-99.00,-99.00,95.90,
2049.94,,,5.14,4.79,2.00,,2.00,2.00,,,10.27,9.57,-99.00,-99.00,95.45,
2055.82,,,5.13,4.79,2.00,,2.00,2.00,,,10.25,9.57,-99.00,-99.00,95.90,
2060.75,,,5.14,4.79,2.00,,2.00,2.00,,,10.27,9.57,-99.00,-99.00,96.35,
2066.50,,,5.13,4.79,2.00,,2.00,2.00,,,10.25,9.57,-99.00,-99.00,95.90,
2070.90,,,5.14,4.79,2.00,,2.00,2.00,,,10.24,9.57,-99.00,-99.00,95.90,
2076.83,,,5.14,4.79,2.00,,2.00,2.00,,,10.28,9.57,-99.00,-99.00,96.35,
2080.66,10.00,,5.14,4.79,2.00,,2.00,2.00,,,10.28,9.57,-99.00,-99.00,96.35,
2084.97,,,5.13,4.79,2.00,,2.00,2.00,,,10.27,9.57,-99.00,-99.00,96.35,
2090.83,,,5.14,4.79,2.00,,2.00,2.00,,,10.25,9.57,-99.00,-99.00,96.35,
2096.65,10.00,,5.13,4.79,2.00,,2.00,2.00,,,10.24,9.57,-99.00,-99.00,95.90,
2101.54,,,5.14,4.79,2.00,,2.00,2.00,,,10.27,9.57,-99.00,-99.00,95.90,
2105.69,,,5.13,4.79,2.00,,2.00,2.00,,,10.25,9.57,-99.00,-99.00,96.80,
2110.65,,,5.13,4.79,2.00,,2.00,2.00,,,10.25,9.57,-99.00,-99.00,95.90,
2116.48,10.00,,5.13,4.79,2.00,,2.00,2.00,,,10.25,9.57,-99.00,-99.00,96.35,
2121.42,,,5.14,4.79,2.00,,2.00,2.00,,,10.25,9.57,-99.00,-99.00,96.35,
2127.34,,,5.14,4.79,2.00,,2.00,2.00,,,10.27,9.57,-99.00,-99.00,96.35,
2133.25,10.00,,5.14,4.79,2.00,,2.00,2.00,,,10.27,9.57,-99.00,-99.00,96.35,
2139.18,,,5.13,4.79,2.00,,2.00,2.00,,,10.27,9.57,-99.00,-99.00,96.35,
2144.21,,,5.13,4.79,2.00,,2.00,2.00,,,10.28,9.57,-99.00,-99.00,96.35,
2151.00,,,5.13,4.79,2.00,,2.00,2.00,,,10.28,9.57,-99.00,-99.00,96.35,
2156.87,,,5.14,4.79,2.00,,2.00,2.00,,,10.27,9.57,-99.00,-99.00,96.35,
2162.90,,,5.14,4.79,2.00,,2.00,2.00,,,10.28,9.57,-99.00,-99.00,96.35,
2166.73,,,5.13,4.79,2.00,,1.99,2.00,,,10.24,9.57,-99.00,-99.00,96.35,
2172.47,,,5.13,4.79,2.00,,2.00,2.00,,,10.28,9.57,-99.00,-99.00,96.35,
2178.43,,,5.13,4.79,2.00,,2.00,2.00,,,10.27,9.57,-99.00,-99.00,96.35,
2183.36,,,5.14,4.79,2.00,,2.00,2.00,,,10.27,9.57,-99.00,-99.00,96.35,
2187.16,,,5.14,4.79,2.00,,2.00,2.00,,,10.27,9.57,-99.00,-99.00,96.35,
2192.08,,,5.13,4.79,2.00,,2.00,2.00,,,10.24,9.57,-99.00,-99.00,96.35,
2197.86,,,5.13,4.79,2.00,,2.00,2.00,,,10.28,9.57,-99.00,-99.00,96.80,
2201.65,,,5.13,4.79,2.00,,2.00,2.00,,,10.27,9.57,-99.00,-99.00,96.80,
2207.41,,,5.14,4.79,2.00,,2.00,2.00,,,10.27,9.57,-99.00,-99.00,96.80,
2211.24,,,5.13,4.79,2.00,,2.00,2.00,,,10.24,9.57,-99.00,-99.00,96.35,
2215.02,,,5.14,4.79,2.00,,2.00,2.00,,,10.25,9.57,-99.00,-99.00,96.80,
2219.81,,,5.13,4.79,2.00,,2.00,2.00,,,10.27,9.57,-99.00,-99.00,96.35,
2224.58,,,5.14,4.79,2.00,,2.00,2.00,,,10.24,9.57,-99.00,-99.00,96.80,
2228.34,,,5.13,4.79,2.00,,1.99,2.00,,,10.27,9.57,-99.00,-99.00,96.80,
2233.13,,,5.13,4.79,2.00,,2.00,2.00,,,10.24,9.57,-99.00,-99.00,96.80,
2237.13,,,5.13,4.79,2.00,,2.00,2.00,,,10.25,9.57,-99.00,-99.00,96.80,
2241.95,,,5.13,4.79,2.00,,2.00,2.00,,,10.25,9.57,-99.00,-99.00,96.80,
2245.71,,,5.13,4.79,2.00,,2.00,2.00,,,10.25,9.57,-99.00,-99.00,96.80,
2251.55,,,5.13,4.79,2.00,,2.00,2.00,,,10.25,9.57,-99.00,-99.00,96.80,
2257.35,,,5.13,4.79,2.00,,1.99,2.00,,,10.24,9.57,-99.00,-99.00,96.35,
2263.19,,,5.14,4.79,2.00,,2.00,2.00,,,10.28,9.57,-99.00,-99.00,96.80,
2267.34,,,5.14,4.79,2.00,,2.00,2.00,,,10.27,9.57,-99.00,-99.00,96.80,
2271.37,,,5.13,4.79,2.00,,2.00,2.00,,,10.27,9.57,-99.00,-99.00,96.80,
2277.23,,,5.13,4.79,2.00,,2.00,2.00,,,10.27,9.57,-99.00,-99.00,96.80,
2283.07,,,5.13,4.79,2.00,,2.00,2.00,,,10.27,9.57,-99.00,-99.00,96.80,
2286.90,10.00,,5.13,4.79,2.00,,2.00,2.00,,,10.25,9.57,-99.00,-99.00,96.80,
2291.74,,,5.13,4.79,2.00,,2.00,2.00,,,10.28,9.57,-99.00,-99.00,96.80,
2295.59,,,5.14,4.79,2.00,,2.00,2.00,,,10.25,9.57,-99.00,-99.00,96.80,
2299.44,,,5.14,4.79,2.00,,2.00,2.00,,,10.27,9.57,-99.00,-99.00,96.80,
2305.33,10.00,,5.13,4.79,2.00,,2.00,2.00,,,10.25,9.57,-99.00,-99.00,96.80,
2309.54,,,5.14,4.79,2.00,,2.00,2.00,,,10.28,9.57,-99.00,-99.00,96.80,
2313.55,,,5.14,4.79,2.00,,2.00,2.00,,,10.27,9.57,-99.00,-99.00,96.80,
2319.40,,,5.14,4.79,2.00,,2.00,2.00,,,10.25,9.57,-99.00,-99.00,96.80,
2325.28,,,5.14,4.79,2.00,,2.00,2.00,,,10.24,9.57,-99.00,-99.00,96.80,
2329.29,,,5.14,4.79,2.00,,2.00,2.00,,,10.27,9.57,-99.00,-99.00,96.80,
2335.22,,,5.14,4.79,2.00,,2.00,2.00,,,10.27,9.57,-99.00,-99.00,96.80,
2338.97,,,5.13,4.79,2.00,,2.00,2.00,,,10.27,9.57,-99.00,-99.00,96.80,
2343.46,,,5.14,4.79,2.00,,2.00,2.00,,,10.28,9.57,-99.00,-99.00,96.80,
2347.10,,,5.14,4.79,2.00,,1.99,2.00,,,10.23,9.57,-99.00,-99.00,97.25,
2352.92,,,5.14,4.79,2.00,,2.00,2.00,,,10.25,9.57,-99.00,-99.00,96.80,
2356.70,10.00,,5.13,4.79,2.00,,2.00,2.00,,,10.27,9.57,-99.00,-99.00,96.80,
2360.51,,,5.14,4.79,2.00,,2.00,2.00,,,10.25,9.57,-99.00,-99.00,96.80,
2365.31,,,5.13,4.79,2.00,,2.00,2.00,,,10.25,9.57,-99.00,-99.00,96.80,
2369.08,,,5.14,4.79,2.00,,2.00,2.00,,,10.25,9.57,-99.00,-99.00,96.80,
2374.96,,,5.13,4.79,2.00,,2.00,2.00,,,10.25,9.57,-99.00,-99.00,96.80,
2378.68,,,5.14,4.79,2.00,,2.00,2.00,,,10.27,9.57,-99.00,-99.00,96.80,
2382.84,,,5.13,4.79,2.00,,2.00,2.00,,,10.25,9.57,-99.00,-99.00,96.80,
2388.79,10.00,,5.13,4.79,2.00,,2.00,2.00,,,10.28,9.57,-99.00,-99.00,96.35,
2393.74,,,5.13,4.79,2.00,,2.00,2.00,,,10.24,9.57,-99.00,-99.00,96.80,
2399.69,,,5.13,4.79,2.00,,2.00,2.00,,,10.24,9.57,-99.00,-99.00,96.35,
2405.62,,,5.13,4.79,2.00,,2.00,2.00,,,10.27,9.57,-99.00,-99.00,96.80,
2411.51,,,5.13,4.79,2.00,,2.00,2.00,,,10.27,9.57,-99.00,-99.00,96.35,
2415.55,,,5.14,4.79,2.00,,2.00,2.00,,,10.27,9.57,-99.00,-99.00,97.25,
2421.46,,,5.14,4.79,2.00,,2.00,2.00,,,10.25,9.57,-99.00,-99.00,96.35,
2427.42,,,5.13,4.79,2.00,,2.00,2.00,,,10.25,9.57,-99.00,-99.00,96.80,
2433.34,,,5.13,4.79,2.00,,2.00,2.00,,,10.27,9.57,-99.00,-99.00,96.80,
2439.18,,,5.13,4.79,2.00,,2.00,2.00,,,10.27,9.57,-99.00,-99.00,96.80,
2445.19,,,5.14,4.79,2.00,,1.99,2.00,,,10.23,9.57,-99.00,-99.00,96.80,
2451.12,,,5.13,4.79,2.00,,2.00,2.00,,,10.28,9.57,-99.00,-99.00,97.25,
2457.01,10.00,,5.14,4.79,2.00,,2.00,2.00,,,10.25,9.57,-99.00,-99.00,96.80,
2462.93,,,5.14,4.79,2.00,,2.00,2.00,,,10.25,9.57,-99.00,-99.00,96.80,
2468.85,,,5.14,4.79,2.00,,2.00,2.00,,,10.25,9.57,-99.00,-99.00,97.25,
2473.70,,,5.14,4.79,2.00,,2.00,2.00,,,10.24,9.57,-99.00,-99.00,97.25,
2478.50,,,5.14,4.79,2.00,,2.00,2.00,,,10.27,9.57,-99.00,-99.00,97.25,
2482.23,,,5.13,4.79,2.00,,2.00,2.00,,,10.25,9.57,-99.00,-99.00,97.25,
2486.27,,,5.13,4.79,2.00,,2.00,2.00,,,10.25,9.57,-99.00,-99.00,97.25,
2492.25,,,5.14,4.79,2.00,,2.00,2.00,,,10.27,9.57,-99.00,-99.00,97.25,
2498.26,,,5.13,4.79,2.00,,2.00,2.00,,,10.25,9.57,-99.00,-99.00,97.25,
2504.20,,,5.13,4.79,2.00,,2.00,2.00,,,10.27,9.57,-99.00,-99.00,96.80,
2508.00,10.00,,5.13,4.79,2.00,,2.00,2.00,,,10.25,9.57,-99.00,-99.00,97.25,
2512.90,,,5.13,4.79,2.00,,2.00,2.00,,,10.25,9.57,-99.00,-99.00,97.25,
2518.88,,,5.13,4.79,2.00,,2.00,2.00,,,10.27,9.57,-99.00,-99.00,96.80,
2523.67,10.00,,5.13,4.79,2.00,,2.00,2.00,,,10.27,9.57,-99.00,-99.00,96.35,
2528.44,,,5.13,4.79,2.00,,2.00,2.00,,,10.27,9.57,-99.00,-99.00,96.35,
2533.22,,,5.14,4.79,2.00,,2.00,2.00,,,10.25,9.57,-99.00,-99.00,96.80,
2539.17,,,5.13,4.79,2.00,,2.00,2.00,,,10.25,9.57,-99.00,-99.00,97.25,
2543.95,,,5.14,4.79,2.00,,2.00,2.00,,,10.24,9.57,-99.00,-99.00,96.80,
2547.97,10.00,,5.13,4.79,2.00,,1.99,2.00,,,10.23,9.57,-99.00,-99.00,96.80,
2552.81,,,5.13,4.79,2.00,,2.00,2.00,,,10.25,9.57,-99.00,-99.00,96.80,
2558.69,,,5.14,4.79,2.00,,2.00,2.00,,,10.27,9.57,-99.00,-99.00,97.25,
2564.60,,,5.13,4.79,2.00,,2.00,2.00,,,10.27,9.57,-99.00,-99.00,97.25,
2569.32,,,5.14,4.79,2.00,,2.00,2.00,,,10.27,9.57,-99.00,-99.00,97.25,
2573.25,,,5.13,4.79,2.00,,2.00,2.00,,,10.25,9.57,-99.00,-99.00,97.25,
2578.06,,,5.13,4.79,2.00,,2.00,2.00,,,10.28,9.57,-99.00,-99.00,97.25,
2584.03,,,5.13,4.79,2.00,,2.00,2.00,,,10.27,9.57,-99.00,-99.00,97.25,
2587.78,,,5.13,4.79,2.00,,2.00,2.00,,,10.25,9.57,-99.00,-99.00,97.25,
2591.81,,,5.13,4.79,2.00,,2.00,2.00,,,10.27,9.57,-99.00,-99.00,97.25,
2597.69,10.00,,5.13,4.79,2.00,,2.00,2.00,,,10.27,9.57,-99.00,-99.00,97.25,
2601.48,10.00,,5.14,4.79,2.00,,2.00,2.00,,,10.25,9.57,-99.00,-99.00,96.80,
2607.43,10.00,,5.14,4.79,2.00,,2.00,2.00,,,10.27,9.57,-99.00,-99.00,96.80,
2612.33,10.00,10.00,5.14,4.79,2.00,,2.00,2.00,,,10.27,9.57,-99.00,-99.00,96.80,
2618.31,,,5.13,4.79,2.00,,2.00,2.00,,,10.28,9.57,-99.00,-99.00,97.25,
2624.29,10.00,10.00,5.13,4.79,2.00,1.09,2.00,2.00,,,10.25,9.57,-99.00,-99.00,96.80,
2630.36,,,5.13,4.79,2.00,,2.00,2.00,,,10.25,9.57,-99.00,-99.00,97.25,
2636.41,,,5.14,4.79,2.00,,2.00,2.00,,,10.24,9.57,-99.00,-99.00,96.80,
2642.53,,,5.14,4.79,2.00,,2.00,2.00,,,10.25,9.57,-99.00,-99.00,96.80,
2646.67,1.09,10.87,5.13,4.79,2.00,,2.00,2.00,,,10.27,9.57,-99.00,-99.00,96.80,
2652.71,,,5.14,4.79,2.00,,2.00,2.00,,,10.28,9.57,-99.00,-99.00,96.80,
2658.74,,,5.14,4.79,2.00,,2.00,2.00,,,10.25,9.57,-99.00,-99.00,96.80,
2664.30,,,5.13,4.79,2.00,,2.00,2.00,,,10.27,9.57,-99.00,-99.00,96.80,
2667.61,,,5.13,4.79,2.00,,2.00,2.00,,,10.27,9.57,-99.00,-99.00,97.25,
2673.63,,,5.14,4.79,2.00,,2.00,2.00,,,10.28,9.57,-99.00,-99.00,97.25,
2677.73,,,5.13,4.79,2.00,,2.00,2.00,,,10.25,9.57,-99.00,-99.00,97.25,
2681.58,,,5.13,4.79,2.00,,2.00,2.00,,,10.27,9.57,-99.00,-99.00,97.25,
2687.64,,,5.14,4.79,2.00,,2.00,2.00,,,10.28,9.57,-99.00,-99.00,96.80,
2693.75,,,5.14,4.79,2.00,,2.00,2.00,,,10.24,9.57,-99.00,-99.00,96.35,
2699.88,,,5.13,4.79,2.00,,2.00,2.00,,,10.25,9.57,-99.00,-99.00,97.25,
2706.03,,,5.14,4.79,2.00,,2.00,2.00,,,10.28,9.57,-99.00,-99.00,97.25,
2713.15,,,5.13,4.79,2.00,,2.00,2.00,,,10.28,9.57,-99.00,-99.00,97.25,
2719.32,,,5.14,4.79,2.00,,2.00,2.00,,,10.27,9.57,-99.00,-99.00,97.25,
2723.29,,,5.13,4.79,2.00,,2.00,2.00,,,10.27,9.57,-99.00,-99.00,97.70,
2729.45,10.00,,5.13,4.79,2.00,,2.00,2.00,,,10.27,9.58,-99.00,-99.00,97.25,
2733.34,,,5.14,4.79,2.00,,2.00,2.00,,,10.25,9.57,-99.00,-99.00,97.25,
2739.46,,,5.13,4.79,2.00,,2.00,2.00,,,10.27,9.57,-99.00,-99.00,97.25,
2745.60,,,5.14,4.79,2.00,,2.00,2.00,,,10.25,9.57,-99.00,-99.00,97.25,
2751.72,,,5.13,4.79,2.00,,2.00,2.00,,,10.28,9.58,-99.00,-99.00,97.25,
2757.83,10.00,,5.13,4.79,2.00,,2.00,2.00,,,10.25,9.57,-99.00,-99.00,97.25,
2763.40,,,5.14,4.79,2.00,,2.00,2.00,,,10.24,9.57,-99.00,-99.00,97.25,
2769.51,,,5.13,4.79,2.00,,2.00,2.00,,,10.25,9.58,-99.00,-99.00,97.25,
2775.55,,,5.13,4.79,2.00,,2.00,2.00,,,10.25,9.57,-99.00,-99.00,97.25,
2781.63,10.00,,5.13,4.79,2.00,,2.00,2.00,,,10.25,9.57,-99.00,-99.00,97.25,
2786.43,10.00,,5.14,4.79,2.00,,2.00,2.00,,,10.25,9.57,-99.00,-99.00,97.25,
2791.98,,,5.14,4.79,2.00,,2.00,2.00,,,10.28,9.57,-99.00,-99.00,97.25,
2798.12,,,5.14,4.79,2.00,,2.00,2.00,,,10.27,9.57,-99.00,-99.00,97.25,
2802.20,,,5.14,4.79,2.00,,2.00,2.00,,,10.25,9.57,-99.00,-99.00,97.25,
2806.03,,,5.14,4.79,2.00,,2.00,2.00,,,10.25,9.57,-99.00,-99.00,97.70,
2809.81,,,5.13,4.79,2.00,,2.00,2.00,,,10.25,9.57,-99.00,-99.00,97.25,
2814.78,,,5.13,4.79,2.00,,2.00,2.00,,,10.28,9.57,-99.00,-99.00,97.25,
2819.49,,,5.13,4.79,2.00,,2.00,2.00,,,10.24,9.57,-99.00,-99.00,97.70,
2823.55,,,5.14,4.79,2.00,,2.00,2.00,,,10.27,9.57,-99.00,-99.00,97.25,
2829.63,,,5.14,4.79,2.00,,2.00,2.00,,,10.27,9.57,-99.00,-99.00,97.25,
2835.72,,,5.13,4.79,2.00,,2.00,2.00,,,10.28,9.57,-99.00,-99.00,97.25,
2841.79,,,5.13,4.79,2.00,,2.00,2.00,,,10.27,9.57,-99.00,-99.00,97.25,
2845.71,,,5.14,4.79,2.00,,2.00,2.00,,,10.25,9.57,-99.00,-99.00,97.25,
2851.87,,,5.13,4.79,2.00,,2.00,2.00,,,10.25,9.57,-99.00,-99.00,97.25,
2858.06,,,5.13,4.79,2.00,,2.00,2.00,,,10.25,9.57,-99.00,-99.00,97.70,
2864.26,,,5.14,4.79,2.00,,2.00,2.00,,,10.25,9.57,-99.00,-99.00,97.25,
2871.18,,,5.13,4.79,2.00,,2.00,2.00,,,10.24,9.57,-99.00,-99.00,97.25,
2875.30,,,5.14,4.79,2.00,,2.00,2.00,,,10.25,9.57,-99.00,-99.00,97.25,
2881.51,,,5.13,4.79,2.00,,2.00,2.00,,,10.25,9.57,-99.00,-99.00,97.25,
2887.72,,,5.14,4.79,2.00,,2.00,2.00,,,10.27,9.57,-99.00,-99.00,97.25,
2894.00,,,5.13,4.79,2.00,,2.00,2.00,,,10.27,9.57,-99.00,-99.00,97.25,
2900.27,,,5.14,4.79,2.00,,2.00,2.00,,,10.27,9.57,-99.00,-99.00,97.70,
2905.17,,,5.14,4.79,2.00,,2.00,2.00,,,10.28,9.57,-99.00,-99.00,97.25,
2911.38,,,5.14,4.79,2.00,,2.00,2.00,,,10.27,9.57,-99.00,-99.00,97.70,
2916.23,,,5.13,4.79,2.00,,2.00,2.00,,,10.25,9.57,-99.00,-99.00,97.70,
2921.12,,,5.13,4.79,2.00,,2.00,2.00,,,10.27,9.57,-99.00,-99.00,97.25,
2927.34,,,5.13,4.79,2.00,,2.00,2.00,,,10.25,9.57,-99.00,-99.00,97.70,
2933.59,,,5.13,4.79,2.00,,2.00,2.00,,,10.25,9.58,-99.00,-99.00,97.25,
2938.54,,,5.13,4.79,2.00,,2.00,2.00,,,10.27,9.58,-99.00,-99.00,97.25,
2944.72,,,5.13,4.79,2.00,,2.00,2.00,,,10.25,9.57,-99.00,-99.00,97.25,
2950.95,10.00,,5.14,4.79,2.00,,2.00,2.00,,,10.28,9.57,-99.00,-99.00,97.25,
2955.10,,,5.13,4.79,2.00,,1.99,2.00,,,10.23,9.57,-99.00,-99.00,97.25,
2959.92,,,5.14,4.79,2.00,,2.00,2.00,,,10.24,9.58,-99.00,-99.00,97.25,
2964.73,,,5.13,4.79,2.00,,2.00,2.00,,,10.27,9.57,-99.00,-99.00,97.25,
2969.56,,,5.13,4.79,2.00,,2.00,2.00,,,10.25,9.57,-99.00,-99.00,97.70,
2973.41,,,5.13,4.79,2.00,,2.00,2.00,,,10.25,9.57,-99.00,-99.00,97.25,
2979.78,,,5.14,4.79,2.00,,2.00,2.00,,,10.25,9.57,-99.00,-99.00,97.25,
2986.05,,,5.13,4.79,2.00,,2.00,2.00,,,10.27,9.57,-99.00,-99.00,97.25,
2990.19,,,5.13,4.79,2.00,,2.00,2.00,,,10.27,9.58,-99.00,-99.00,97.70,
2996.39,,,5.13,4.79,2.00,,2.00,2.00,,,10.27,9.58,-99.00,-99.00,97.25,
3001.27,,,5.13,4.79,2.00,,1.99,2.00,,,10.24,9.58,-99.00,-99.00,96.80,
3005.53,,,5.14,4.79,2.00,,2.00,2.00,,,10.27,9.58,-99.00,-99.00,97.25,
3009.86,,,5.14,4.79,2.00,,2.00,2.00,,,10.27,9.58,-99.00,-99.00,97.25,
3014.69,,,5.13,4.79,2.00,,2.00,2.00,,,10.28,9.58,-99.00,-99.00,97.25,
3020.89,,,5.14,4.79,2.00,,2.00,2.00,,,10.24,9.58,-99.00,-99.00,97.25,
3027.13,10.00,,5.13,4.79,2.00,,2.00,2.00,,,10.25,9.58,-99.00,-99.00,97.25,
3031.06,,,5.13,4.79,2.00,,2.00,2.00,,,10.25,9.58,-99.00,-99.00,97.25,
3035.23,,,5.13,4.79,2.00,,2.00,2.00,,,10.28,9.58,-99.00,-99.00,97.25,
3041.44,,,5.13,4.79,2.00,,2.00,2.00,,,10.25,9.58,-99.00,-99.00,97.25,
3045.82,,,5.13,4.79,2.00,,2.00,2.00,,,10.25,9.58,-99.00,-99.00,97.25,
3052.06,,,5.13,4.79,2.00,,2.00,2.00,,,10.27,9.57,-99.00,-99.00,97.25,
3058.29,,,5.13,4.79,2.00,,2.00,2.00,,,10.25,9.58,-99.00,-99.00,97.25,
3065.26,,,5.13,4.79,2.00,,2.00,2.00,,,10.28,9.57,-99.00,-99.00,97.25,
3071.24,,,5.13,4.79,2.00,,1.99,2.00,,,10.27,9.58,-99.00,-99.00,97.70,
3075.27,,,5.13,4.79,2.00,,2.00,2.00,,,10.28,9.58,-99.00,-99.00,97.25,
3079.11,,,5.13,4.79,2.00,,2.00,2.00,,,10.25,9.58,-99.00,-99.00,97.25,
3085.30,,,5.13,4.79,2.00,,2.00,2.00,,,10.27,9.57,-99.00,-99.00,97.25,
3092.27,,,5.14,4.79,2.00,,2.00,2.00,,,10.27,9.58,-99.00,-99.00,97.25,
3096.39,,,5.13,4.79,2.00,,2.00,2.00,,,10.25,9.58,-99.00,-99.00,97.25,
3102.66,,,5.13,4.79,2.00,,2.00,2.00,,,10.25,9.58,-99.00,-99.00,97.25,
3108.85,,,5.13,4.79,2.00,,2.00,2.00,,,10.28,9.58,-99.00,-99.00,97.25,
3113.01,,,5.14,4.79,2.00,,2.00,2.00,,,10.28,9.58,-99.00,-99.00,97.25,
3119.31,,,5.13,4.79,2.00,,2.00,2.00,,,10.27,9.58,-99.00,-99.00,97.25,
3125.64,,,5.13,4.79,2.00,,2.00,2.00,,,10.25,9.58,-99.00,-99.00,97.25,
3129.53,,,5.13,4.79,2.00,,2.00,2.00,,,10.25,9.58,-99.00,-99.00,97.25,
3133.61,,,5.13,4.79,2.00,,2.00,2.00,,,10.25,9.58,-99.00,-99.00,97.25,
3139.95,,,5.13,4.79,2.00,,2.00,2.00,,,10.27,9.58,-99.00,-99.00,97.25,
3146.27,10.00,,5.13,4.79,2.00,,2.00,2.00,,,10.27,9.58,-99.00,-99.00,97.25,
3152.58,,,5.14,4.79,2.00,,2.00,2.00,,,10.25,9.58,-99.00,-99.00,97.25,
3159.00,,,5.13,4.79,2.00,,2.00,2.00,,,10.27,9.58,-99.00,-99.00,97.25,
3165.29,,,5.13,4.79,2.00,,2.00,2.00,,,10.24,9.58,-99.00,-99.00,96.80,
3174.61,,,5.13,4.79,2.00,,2.00,2.00,,,10.25,9.58,-99.00,-99.00,96.80,
3180.84,,,5.14,4.79,2.00,,2.00,2.00,,,10.27,9.58,-99.00,-99.00,96.80,
3187.06,,,5.14,4.79,2.00,,2.00,2.00,,,10.25,9.58,-99.00,-99.00,97.25,
3193.36,,,5.14,4.79,2.00,,2.00,2.00,,,10.27,9.58,-99.00,-99.00,97.25,
3196.57,,,5.13,4.79,2.00,,2.00,2.00,,,10.25,9.58,-99.00,-99.00,97.25,
3206.04,,,5.14,4.79,2.00,,2.00,2.00,,,10.27,9.58,-99.00,-99.00,96.80,
3212.50,,,5.13,4.79,2.00,,2.00,2.00,,,10.25,9.58,-99.00,-99.00,96.80,
3218.86,,,5.14,4.79,2.00,,1.99,2.00,,,10.23,9.58,-99.00,-99.00,96.80,
3222.93,,,5.13,4.79,2.00,,2.00,2.00,,,10.27,9.58,-99.00,-99.00,96.35,
3227.00,,,5.13,4.79,2.00,,2.00,2.00,,,10.28,9.58,-99.00,-99.00,96.35,
3231.15,,,5.13,4.79,2.00,,2.00,2.00,,,10.27,9.58,-99.00,-99.00,96.35,
3237.49,,,5.13,4.79,2.00,,2.00,2.00,,,10.27,9.58,-99.00,-99.00,96.35,
